# The unit of each TxPower value is 0.5dBm.
# 'x' means use efuse default value instead of from this table
# Channels in the table are treated as center channel.

<Ver:02>

[US,MX]
<cck,  c1, c2, c5, c11>
ch001, 28, 28, 28, 28
ch002, 28, 28, 28, 28
ch003, 28, 28, 28, 28
ch004, 28, 28, 28, 28
ch005, 28, 28, 28, 28
ch006, 28, 28, 28, 28
ch007, 28, 28, 28, 28
ch008, 28, 28, 28, 28
ch009, 28, 28, 28, 28
ch010, 28, 28, 28, 28
ch011, 28, 28, 28, 28
ch012, 24, 24, 24, 24
ch013, 15, 15, 15, 15
ch014, x, x, x, x
</cck>

<ofdm, o6, o9, o12, o18, o24, o36, o48, o54>
ch001, 27, 27, 27, 27, 27, 27, 27, 27
ch002, 27, 27, 27, 27, 27, 27, 27, 27
ch003, 28, 28, 28, 28, 28, 28, 28, 28
ch004, 28, 28, 28, 28, 28, 28, 28, 28
ch005, 28, 28, 28, 28, 28, 28, 28, 28
ch006, 28, 28, 28, 28, 28, 28, 28, 28
ch007, 28, 28, 28, 28, 28, 28, 28, 28
ch008, 28, 28, 28, 28, 28, 28, 28, 28
ch009, 28, 28, 28, 28, 28, 28, 28, 28
ch010, 28, 28, 28, 28, 28, 28, 28, 28
ch011, 28, 28, 28, 28, 28, 28, 28, 28
ch012, 24, 24, 24, 24, 24, 24, 24, 24
ch013, 15, 15, 15, 15, 15, 15, 15, 15
ch014, x, x, x, x, x, x, x, x
ch036, 24, 24, 24, 24, 24, 24, 24, 24
ch038, 24, 24, 24, 24, 24, 24, 24, 24
ch040, 24, 24, 24, 24, 24, 24, 24, 24
ch042, 24, 24, 24, 24, 24, 24, 24, 24
ch044, 24, 24, 24, 24, 24, 24, 24, 24
ch046, 24, 24, 24, 24, 24, 24, 24, 24
ch048, 24, 24, 24, 24, 24, 24, 24, 24
ch052, 24, 24, 24, 24, 24, 24, 24, 24
ch054, 24, 24, 24, 24, 24, 24, 24, 24
ch056, 24, 24, 24, 24, 24, 24, 24, 24
ch058, 24, 24, 24, 24, 24, 24, 24, 24
ch060, 24, 24, 24, 24, 24, 24, 24, 24
ch062, 24, 24, 24, 24, 24, 24, 24, 24
ch064, 24, 24, 24, 24, 24, 24, 24, 24
ch100, 24, 24, 24, 24, 24, 24, 24, 24
ch102, 24, 24, 24, 24, 24, 24, 24, 24
ch104, 24, 24, 24, 24, 24, 24, 24, 24
ch106, 24, 24, 24, 24, 24, 24, 24, 24
ch108, 24, 24, 24, 24, 24, 24, 24, 24
ch110, 24, 24, 24, 24, 24, 24, 24, 24
ch112, 24, 24, 24, 24, 24, 24, 24, 24
ch116, 23, 23, 23, 23, 23, 23, 23, 23
ch118, 23, 23, 23, 23, 23, 23, 23, 23
ch120, 23, 23, 23, 23, 23, 23, 23, 23
ch122, 23, 23, 23, 23, 23, 23, 23, 23
ch124, 23, 23, 23, 23, 23, 23, 23, 23
ch126, 23, 23, 23, 23, 23, 23, 23, 23
ch128, 23, 23, 23, 23, 23, 23, 23, 23
ch132, 24, 24, 24, 24, 24, 24, 24, 24
ch134, 24, 24, 24, 24, 24, 24, 24, 24
ch136, 24, 24, 24, 24, 24, 24, 24, 24
ch138, 24, 24, 24, 24, 24, 24, 24, 24
ch140, 24, 24, 24, 24, 24, 24, 24, 24
ch142, 23, 23, 23, 23, 23, 23, 23, 23
ch144, 23, 23, 23, 23, 23, 23, 23, 23
ch149, 24, 24, 24, 24, 24, 24, 24, 24
ch151, 24, 24, 24, 24, 24, 24, 24, 24
ch153, 24, 24, 24, 24, 24, 24, 24, 24
ch155, 24, 24, 24, 24, 24, 24, 24, 24
ch157, 24, 24, 24, 24, 24, 24, 24, 24
ch159, 24, 24, 24, 24, 24, 24, 24, 24
ch161, 24, 24, 24, 24, 24, 24, 24, 24
ch165, 24, 24, 24, 24, 24, 24, 24, 24
</ofdm>

<ht20, m0, m1, m2, m3, m4, m5, m6, m7>
ch001, 26, 26, 26, 26, 26, 26, 26, 26
ch002, 26, 26, 26, 26, 26, 26, 26, 26
ch003, 26, 26, 26, 26, 26, 26, 26, 26
ch004, 26, 26, 26, 26, 26, 26, 26, 26
ch005, 26, 26, 26, 26, 26, 26, 26, 26
ch006, 26, 26, 26, 26, 26, 26, 26, 26
ch007, 26, 26, 26, 26, 26, 26, 26, 26
ch008, 26, 26, 26, 26, 26, 26, 26, 26
ch009, 26, 26, 26, 26, 26, 26, 26, 26
ch010, 25, 25, 25, 25, 25, 25, 25, 25
ch011, 25, 25, 25, 25, 25, 25, 25, 25
ch012, 20, 20, 20, 20, 20, 20, 20, 20
ch013, 9, 9, 9, 9, 9, 9, 9, 9
ch014, x, x, x, x, x, x, x, x
ch036, 24, 24, 24, 24, 24, 24, 24, 24
ch038, 24, 24, 24, 24, 24, 24, 24, 24
ch040, 24, 24, 24, 24, 24, 24, 24, 24
ch042, 24, 24, 24, 24, 24, 24, 24, 24
ch044, 24, 24, 24, 24, 24, 24, 24, 24
ch046, 24, 24, 24, 24, 24, 24, 24, 24
ch048, 24, 24, 24, 24, 24, 24, 24, 24
ch052, 24, 24, 24, 24, 24, 24, 24, 24
ch054, 24, 24, 24, 24, 24, 24, 24, 24
ch056, 24, 24, 24, 24, 24, 24, 24, 24
ch058, 24, 24, 24, 24, 24, 24, 24, 24
ch060, 24, 24, 24, 24, 24, 24, 24, 24
ch062, 24, 24, 24, 24, 24, 24, 24, 24
ch064, 24, 24, 24, 24, 24, 24, 24, 24
ch100, 24, 24, 24, 24, 24, 24, 24, 24
ch102, 24, 24, 24, 24, 24, 24, 24, 24
ch104, 24, 24, 24, 24, 24, 24, 24, 24
ch106, 24, 24, 24, 24, 24, 24, 24, 24
ch108, 24, 24, 24, 24, 24, 24, 24, 24
ch110, 24, 24, 24, 24, 24, 24, 24, 24
ch112, 24, 24, 24, 24, 24, 24, 24, 24
ch116, 24, 24, 24, 24, 24, 24, 24, 24
ch118, 24, 24, 24, 24, 24, 24, 24, 24
ch120, 24, 24, 24, 24, 24, 24, 24, 24
ch122, 24, 24, 24, 24, 24, 24, 24, 24
ch124, 24, 24, 24, 24, 24, 24, 24, 24
ch126, 24, 24, 24, 24, 24, 24, 24, 24
ch128, 24, 24, 24, 24, 24, 24, 24, 24
ch132, 24, 24, 24, 24, 24, 24, 24, 24
ch134, 24, 24, 24, 24, 24, 24, 24, 24
ch136, 24, 24, 24, 24, 24, 24, 24, 24
ch138, 24, 24, 24, 24, 24, 24, 24, 24
ch140, 24, 24, 24, 24, 24, 24, 24, 24
ch142, 24, 24, 24, 24, 24, 24, 24, 24
ch144, 24, 24, 24, 24, 24, 24, 24, 24
ch149, 24, 24, 24, 24, 24, 24, 24, 24
ch151, 24, 24, 24, 24, 24, 24, 24, 24
ch153, 24, 24, 24, 24, 24, 24, 24, 24
ch155, 24, 24, 24, 24, 24, 24, 24, 24
ch157, 24, 24, 24, 24, 24, 24, 24, 24
ch159, 24, 24, 24, 24, 24, 24, 24, 24
ch161, 24, 24, 24, 24, 24, 24, 24, 24
ch165, 24, 24, 24, 24, 24, 24, 24, 24
</ht20>

<ht40, m0, m1, m2, m3, m4, m5, m6, m7> 
ch038, 24, 24, 24, 24, 24, 24, 24, 24, 24
ch042, 24, 24, 24, 24, 24, 24, 24, 24, 24
ch046, 24, 24, 24, 24, 24, 24, 24, 24, 24
ch054, 24, 24, 24, 24, 24, 24, 24, 24, 24
ch058, 22, 22, 22, 22, 22, 22, 22, 22, 22
ch062, 22, 22, 22, 22, 22, 22, 22, 22, 22
ch102, 24, 24, 24, 24, 24, 24, 24, 24, 24
ch106, 24, 24, 24, 24, 24, 24, 24, 24, 24
ch110, 24, 24, 24, 24, 24, 24, 24, 24, 24
ch118, 24, 24, 24, 24, 24, 24, 24, 24, 24
ch122, 24, 24, 24, 24, 24, 24, 24, 24, 24
ch126, 24, 24, 24, 24, 24, 24, 24, 24, 24
ch134, 24, 24, 24, 24, 24, 24, 24, 24, 24
ch138, 24, 24, 24, 24, 24, 24, 24, 24, 24
ch142, 24, 24, 24, 24, 24, 24, 24, 24, 24
ch151, 24, 24, 24, 24, 24, 24, 24, 24, 24
ch155, 24, 24, 24, 24, 24, 24, 24, 24, 24
ch159, 24, 24, 24, 24, 24, 24, 24, 24, 24
</ht40>

<vht20, m0, m1, m2, m3, m4, m5, m6, m7, m8, m9>
ch036, 24, 24, 24, 24, 24, 24, 24, 24, 24, 24
ch038, 24, 24, 24, 24, 24, 24, 24, 24, 24, 24
ch040, 24, 24, 24, 24, 24, 24, 24, 24, 24, 24
ch042, 24, 24, 24, 24, 24, 24, 24, 24, 24, 24
ch044, 24, 24, 24, 24, 24, 24, 24, 24, 24, 24
ch046, 24, 24, 24, 24, 24, 24, 24, 24, 24, 24
ch048, 24, 24, 24, 24, 24, 24, 24, 24, 24, 24
ch052, 24, 24, 24, 24, 24, 24, 24, 24, 24, 24
ch054, 24, 24, 24, 24, 24, 24, 24, 24, 24, 24
ch056, 24, 24, 24, 24, 24, 24, 24, 24, 24, 24
ch058, 24, 24, 24, 24, 24, 24, 24, 24, 24, 24
ch060, 24, 24, 24, 24, 24, 24, 24, 24, 24, 24
ch062, 24, 24, 24, 24, 24, 24, 24, 24, 24, 24
ch064, 24, 24, 24, 24, 24, 24, 24, 24, 24, 24
ch100, 24, 24, 24, 24, 24, 24, 24, 24, 24, 24
ch102, 24, 24, 24, 24, 24, 24, 24, 24, 24, 24
ch104, 24, 24, 24, 24, 24, 24, 24, 24, 24, 24
ch106, 24, 24, 24, 24, 24, 24, 24, 24, 24, 24
ch108, 24, 24, 24, 24, 24, 24, 24, 24, 24, 24
ch110, 24, 24, 24, 24, 24, 24, 24, 24, 24, 24
ch112, 24, 24, 24, 24, 24, 24, 24, 24, 24, 24
ch116, 24, 24, 24, 24, 24, 24, 24, 24, 24, 24
ch118, 24, 24, 24, 24, 24, 24, 24, 24, 24, 24
ch120, 24, 24, 24, 24, 24, 24, 24, 24, 24, 24
ch122, 24, 24, 24, 24, 24, 24, 24, 24, 24, 24
ch124, 24, 24, 24, 24, 24, 24, 24, 24, 24, 24
ch126, 24, 24, 24, 24, 24, 24, 24, 24, 24, 24
ch128, 24, 24, 24, 24, 24, 24, 24, 24, 24, 24
ch132, 24, 24, 24, 24, 24, 24, 24, 24, 24, 24
ch134, 24, 24, 24, 24, 24, 24, 24, 24, 24, 24
ch136, 24, 24, 24, 24, 24, 24, 24, 24, 24, 24
ch138, 24, 24, 24, 24, 24, 24, 24, 24, 24, 24
ch140, 24, 24, 24, 24, 24, 24, 24, 24, 24, 24
ch142, 24, 24, 24, 24, 24, 24, 24, 24, 24, 24
ch144, 24, 24, 24, 24, 24, 24, 24, 24, 24, 24
ch149, 24, 24, 24, 24, 24, 24, 24, 24, 24, 24
ch151, 24, 24, 24, 24, 24, 24, 24, 24, 24, 24
ch153, 24, 24, 24, 24, 24, 24, 24, 24, 24, 24
ch155, 24, 24, 24, 24, 24, 24, 24, 24, 24, 24
ch157, 24, 24, 24, 24, 24, 24, 24, 24, 24, 24
ch159, 24, 24, 24, 24, 24, 24, 24, 24, 24, 24
ch161, 24, 24, 24, 24, 24, 24, 24, 24, 24, 24
ch165, 24, 24, 24, 24, 24, 24, 24, 24, 24, 24
</vht20>

<vht40, m0, m1, m2, m3, m4, m5, m6, m7, m8, m9>
ch038, 24, 24, 24, 24, 24, 24, 24, 24, 24, 24
ch042, 24, 24, 24, 24, 24, 24, 24, 24, 24, 24
ch046, 24, 24, 24, 24, 24, 24, 24, 24, 24, 24
ch054, 24, 24, 24, 24, 24, 24, 24, 24, 24, 24
ch058, 22, 22, 22, 22, 22, 22, 22, 22, 22, 22
ch062, 22, 22, 22, 22, 22, 22, 22, 22, 22, 22
ch102, 24, 24, 24, 24, 24, 24, 24, 24, 24, 24
ch106, 24, 24, 24, 24, 24, 24, 24, 24, 24, 24
ch110, 24, 24, 24, 24, 24, 24, 24, 24, 24, 24
ch118, 24, 24, 24, 24, 24, 24, 24, 24, 24, 24
ch122, 24, 24, 24, 24, 24, 24, 24, 24, 24, 24
ch126, 24, 24, 24, 24, 24, 24, 24, 24, 24, 24
ch134, 24, 24, 24, 24, 24, 24, 24, 24, 24, 24
ch138, 24, 24, 24, 24, 24, 24, 24, 24, 24, 24
ch142, 24, 24, 24, 24, 24, 24, 24, 24, 24, 24
ch151, 24, 24, 24, 24, 24, 24, 24, 24, 24, 24
ch155, 24, 24, 24, 24, 24, 24, 24, 24, 24, 24
ch159, 24, 24, 24, 24, 24, 24, 24, 24, 24, 24
</vht40>

<vht80, m0, m1, m2, m3, m4, m5, m6, m7, m8, m9> 
ch042, 20, 20, 20, 20, 20, 20, 20, 20, 20, 20
ch058, 18, 18, 18, 18, 18, 18, 18, 18, 18, 18
ch106, 24, 24, 24, 24, 24, 24, 24, 24, 24, 24
ch122, 24, 24, 24, 24, 24, 24, 24, 24, 24, 24
ch138, 24, 24, 24, 24, 24, 24, 24, 24, 24, 24
ch155, 24, 24, 24, 24, 24, 24, 24, 24, 24, 24
</vht80>

<ru26, m0, m1, m2, m3, m4, m5, m6, m7, m8, m9, m10, m11>
ch001, 9, 9, 9, 9, 9, 9, 9, 9, 9, 9, 9, 9
ch002, 9, 9, 9, 9, 9, 9, 9, 9, 9, 9, 9, 9
ch003, 8, 8, 8, 8, 8, 8, 8, 8, 8, 8, 8, 8
ch004, 8, 8, 8, 8, 8, 8, 8, 8, 8, 8, 8, 8
ch005, 8, 8, 8, 8, 8, 8, 8, 8, 8, 8, 8, 8
ch006, 8, 8, 8, 8, 8, 8, 8, 8, 8, 8, 8, 8
ch007, 8, 8, 8, 8, 8, 8, 8, 8, 8, 8, 8, 8
ch008, 8, 8, 8, 8, 8, 8, 8, 8, 8, 8, 8, 8
ch009, 8, 8, 8, 8, 8, 8, 8, 8, 8, 8, 8, 8
ch010, 9, 9, 9, 9, 9, 9, 9, 9, 9, 9, 9, 9
ch011, 9, 9, 9, 9, 9, 9, 9, 9, 9, 9, 9, 9
ch012, 4, 4, 4, 4, 4, 4, 4, 4, 4, 4, 4, 4
ch013, -13, -13, -13, -13, -13, -13, -13, -13, -13, -13, -13, -13
ch014, x, x, x, x, x, x, x, x, x, x, x, x
ch036, 10, 10, 10, 10, 10, 10, 10, 10, 10, 10, 10, 10
ch038, 10, 10, 10, 10, 10, 10, 10, 10, 10, 10, 10, 10
ch040, 10, 10, 10, 10, 10, 10, 10, 10, 10, 10, 10, 10
ch042, 10, 10, 10, 10, 10, 10, 10, 10, 10, 10, 10, 10
ch044, 11, 11, 11, 11, 11, 11, 11, 11, 11, 11, 11, 11
ch046, 11, 11, 11, 11, 11, 11, 11, 11, 11, 11, 11, 11
ch048, 8, 8, 8, 8, 8, 8, 8, 8, 8, 8, 8, 8
ch052, 10, 10, 10, 10, 10, 10, 10, 10, 10, 10, 10, 10
ch054, 10, 10, 10, 10, 10, 10, 10, 10, 10, 10, 10, 10
ch056, 10, 10, 10, 10, 10, 10, 10, 10, 10, 10, 10, 10
ch058, 10, 10, 10, 10, 10, 10, 10, 10, 10, 10, 10, 10
ch060, 12, 12, 12, 12, 12, 12, 12, 12, 12, 12, 12, 12
ch062, 12, 12, 12, 12, 12, 12, 12, 12, 12, 12, 12, 12
ch064, 9, 9, 9, 9, 9, 9, 9, 9, 9, 9, 9, 9
ch100, 8, 8, 8, 8, 8, 8, 8, 8, 8, 8, 8, 8
ch102, 8, 8, 8, 8, 8, 8, 8, 8, 8, 8, 8, 8
ch104, 8, 8, 8, 8, 8, 8, 8, 8, 8, 8, 8, 8
ch106, 8, 8, 8, 8, 8, 8, 8, 8, 8, 8, 8, 8
ch108, 8, 8, 8, 8, 8, 8, 8, 8, 8, 8, 8, 8
ch110, 8, 8, 8, 8, 8, 8, 8, 8, 8, 8, 8, 8
ch112, 8, 8, 8, 8, 8, 8, 8, 8, 8, 8, 8, 8
ch116, 9, 9, 9, 9, 9, 9, 9, 9, 9, 9, 9, 9
ch118, 9, 9, 9, 9, 9, 9, 9, 9, 9, 9, 9, 9
ch120, 9, 9, 9, 9, 9, 9, 9, 9, 9, 9, 9, 9
ch122, 9, 9, 9, 9, 9, 9, 9, 9, 9, 9, 9, 9
ch124, 9, 9, 9, 9, 9, 9, 9, 9, 9, 9, 9, 9
ch126, 9, 9, 9, 9, 9, 9, 9, 9, 9, 9, 9, 9
ch128, 9, 9, 9, 9, 9, 9, 9, 9, 9, 9, 9, 9
ch132, 8, 8, 8, 8, 8, 8, 8, 8, 8, 8, 8, 8
ch134, 8, 8, 8, 8, 8, 8, 8, 8, 8, 8, 8, 8
ch136, 8, 8, 8, 8, 8, 8, 8, 8, 8, 8, 8, 8
ch138, 8, 8, 8, 8, 8, 8, 8, 8, 8, 8, 8, 8
ch140, 8, 8, 8, 8, 8, 8, 8, 8, 8, 8, 8, 8
ch142, 6, 6, 6, 6, 6, 6, 6, 6, 6, 6, 6, 6
ch144, 6, 6, 6, 6, 6, 6, 6, 6, 6, 6, 6, 6
ch149, 14, 14, 14, 14, 14, 14, 14, 14, 14, 14, 14, 14
ch151, 14, 14, 14, 14, 14, 14, 14, 14, 14, 14, 14, 14
ch153, 14, 14, 14, 14, 14, 14, 14, 14, 14, 14, 14, 14
ch155, 12, 12, 12, 12, 12, 12, 12, 12, 12, 12, 12, 12
ch157, 12, 12, 12, 12, 12, 12, 12, 12, 12, 12, 12, 12
ch159, 11, 11, 11, 11, 11, 11, 11, 11, 11, 11, 11, 11
ch161, 11, 11, 11, 11, 11, 11, 11, 11, 11, 11, 11, 11
ch165, 11, 11, 11, 11, 11, 11, 11, 11, 11, 11, 11, 11
</ru26>

<ru52, m0, m1, m2, m3, m4, m5, m6, m7, m8, m9, m10, m11>
ch001, 14, 14, 14, 14, 14, 14, 14, 14, 14, 14, 14, 14
ch002, 14, 14, 14, 14, 14, 14, 14, 14, 14, 14, 14, 14
ch003, 13, 13, 13, 13, 13, 13, 13, 13, 13, 13, 13, 13
ch004, 13, 13, 13, 13, 13, 13, 13, 13, 13, 13, 13, 13
ch005, 13, 13, 13, 13, 13, 13, 13, 13, 13, 13, 13, 13
ch006, 13, 13, 13, 13, 13, 13, 13, 13, 13, 13, 13, 13
ch007, 13, 13, 13, 13, 13, 13, 13, 13, 13, 13, 13, 13
ch008, 13, 13, 13, 13, 13, 13, 13, 13, 13, 13, 13, 13
ch009, 13, 13, 13, 13, 13, 13, 13, 13, 13, 13, 13, 13
ch010, 13, 13, 13, 13, 13, 13, 13, 13, 13, 13, 13, 13
ch011, 13, 13, 13, 13, 13, 13, 13, 13, 13, 13, 13, 13
ch012, 8, 8, 8, 8, 8, 8, 8, 8, 8, 8, 8, 8
ch013, -15, -15, -15, -15, -15, -15, -15, -15, -15, -15, -15, -15
ch014, x, x, x, x, x, x, x, x, x, x, x, x
ch036, 16, 16, 16, 16, 16, 16, 16, 16, 16, 16, 16, 16
ch038, 16, 16, 16, 16, 16, 16, 16, 16, 16, 16, 16, 16
ch040, 16, 16, 16, 16, 16, 16, 16, 16, 16, 16, 16, 16
ch042, 16, 16, 16, 16, 16, 16, 16, 16, 16, 16, 16, 16
ch044, 16, 16, 16, 16, 16, 16, 16, 16, 16, 16, 16, 16
ch046, 16, 16, 16, 16, 16, 16, 16, 16, 16, 16, 16, 16
ch048, 15, 15, 15, 15, 15, 15, 15, 15, 15, 15, 15, 15
ch052, 16, 16, 16, 16, 16, 16, 16, 16, 16, 16, 16, 16
ch054, 16, 16, 16, 16, 16, 16, 16, 16, 16, 16, 16, 16
ch056, 16, 16, 16, 16, 16, 16, 16, 16, 16, 16, 16, 16
ch058, 16, 16, 16, 16, 16, 16, 16, 16, 16, 16, 16, 16
ch060, 15, 15, 15, 15, 15, 15, 15, 15, 15, 15, 15, 15
ch062, 15, 15, 15, 15, 15, 15, 15, 15, 15, 15, 15, 15
ch064, 15, 15, 15, 15, 15, 15, 15, 15, 15, 15, 15, 15
ch100, 14, 14, 14, 14, 14, 14, 14, 14, 14, 14, 14, 14
ch102, 14, 14, 14, 14, 14, 14, 14, 14, 14, 14, 14, 14
ch104, 14, 14, 14, 14, 14, 14, 14, 14, 14, 14, 14, 14
ch106, 14, 14, 14, 14, 14, 14, 14, 14, 14, 14, 14, 14
ch108, 14, 14, 14, 14, 14, 14, 14, 14, 14, 14, 14, 14
ch110, 14, 14, 14, 14, 14, 14, 14, 14, 14, 14, 14, 14
ch112, 14, 14, 14, 14, 14, 14, 14, 14, 14, 14, 14, 14
ch116, 14, 14, 14, 14, 14, 14, 14, 14, 14, 14, 14, 14
ch118, 14, 14, 14, 14, 14, 14, 14, 14, 14, 14, 14, 14
ch120, 14, 14, 14, 14, 14, 14, 14, 14, 14, 14, 14, 14
ch122, 14, 14, 14, 14, 14, 14, 14, 14, 14, 14, 14, 14
ch124, 14, 14, 14, 14, 14, 14, 14, 14, 14, 14, 14, 14
ch126, 14, 14, 14, 14, 14, 14, 14, 14, 14, 14, 14, 14
ch128, 14, 14, 14, 14, 14, 14, 14, 14, 14, 14, 14, 14
ch132, 14, 14, 14, 14, 14, 14, 14, 14, 14, 14, 14, 14
ch134, 14, 14, 14, 14, 14, 14, 14, 14, 14, 14, 14, 14
ch136, 14, 14, 14, 14, 14, 14, 14, 14, 14, 14, 14, 14
ch138, 14, 14, 14, 14, 14, 14, 14, 14, 14, 14, 14, 14
ch140, 14, 14, 14, 14, 14, 14, 14, 14, 14, 14, 14, 14
ch142, 13, 13, 13, 13, 13, 13, 13, 13, 13, 13, 13, 13
ch144, 13, 13, 13, 13, 13, 13, 13, 13, 13, 13, 13, 13
ch149, 20, 20, 20, 20, 20, 20, 20, 20, 20, 20, 20, 20
ch151, 20, 20, 20, 20, 20, 20, 20, 20, 20, 20, 20, 20
ch153, 20, 20, 20, 20, 20, 20, 20, 20, 20, 20, 20, 20
ch155, 18, 18, 18, 18, 18, 18, 18, 18, 18, 18, 18, 18
ch157, 18, 18, 18, 18, 18, 18, 18, 18, 18, 18, 18, 18
ch159, 17, 17, 17, 17, 17, 17, 17, 17, 17, 17, 17, 17
ch161, 17, 17, 17, 17, 17, 17, 17, 17, 17, 17, 17, 17
ch165, 17, 17, 17, 17, 17, 17, 17, 17, 17, 17, 17, 17
</ru52>

<ru106, m0, m1, m2, m3, m4, m5, m6, m7, m8, m9, m10, m11>
ch001, 20, 20, 20, 20, 20, 20, 20, 20, 20, 20, 20, 20
ch002, 20, 20, 20, 20, 20, 20, 20, 20, 20, 20, 20, 20
ch003, 18, 18, 18, 18, 18, 18, 18, 18, 18, 18, 18, 18
ch004, 18, 18, 18, 18, 18, 18, 18, 18, 18, 18, 18, 18
ch005, 18, 18, 18, 18, 18, 18, 18, 18, 18, 18, 18, 18
ch006, 18, 18, 18, 18, 18, 18, 18, 18, 18, 18, 18, 18
ch007, 18, 18, 18, 18, 18, 18, 18, 18, 18, 18, 18, 18
ch008, 18, 18, 18, 18, 18, 18, 18, 18, 18, 18, 18, 18
ch009, 18, 18, 18, 18, 18, 18, 18, 18, 18, 18, 18, 18
ch010, 19, 19, 19, 19, 19, 19, 19, 19, 19, 19, 19, 19
ch011, 19, 19, 19, 19, 19, 19, 19, 19, 19, 19, 19, 19
ch012, 14, 14, 14, 14, 14, 14, 14, 14, 14, 14, 14, 14
ch013, -11, -11, -11, -11, -11, -11, -11, -11, -11, -11, -11, -11
ch014, x, x, x, x, x, x, x, x, x, x, x, x
ch036, 21, 21, 21, 21, 21, 21, 21, 21, 21, 21, 21, 21
ch038, 21, 21, 21, 21, 21, 21, 21, 21, 21, 21, 21, 21
ch040, 21, 21, 21, 21, 21, 21, 21, 21, 21, 21, 21, 21
ch042, 21, 21, 21, 21, 21, 21, 21, 21, 21, 21, 21, 21
ch044, 21, 21, 21, 21, 21, 21, 21, 21, 21, 21, 21, 21
ch046, 21, 21, 21, 21, 21, 21, 21, 21, 21, 21, 21, 21
ch048, 21, 21, 21, 21, 21, 21, 21, 21, 21, 21, 21, 21
ch052, 21, 21, 21, 21, 21, 21, 21, 21, 21, 21, 21, 21
ch054, 21, 21, 21, 21, 21, 21, 21, 21, 21, 21, 21, 21
ch056, 21, 21, 21, 21, 21, 21, 21, 21, 21, 21, 21, 21
ch058, 21, 21, 21, 21, 21, 21, 21, 21, 21, 21, 21, 21
ch060, 21, 21, 21, 21, 21, 21, 21, 21, 21, 21, 21, 21
ch062, 21, 21, 21, 21, 21, 21, 21, 21, 21, 21, 21, 21
ch064, 21, 21, 21, 21, 21, 21, 21, 21, 21, 21, 21, 21
ch100, 19, 19, 19, 19, 19, 19, 19, 19, 19, 19, 19, 19
ch102, 19, 19, 19, 19, 19, 19, 19, 19, 19, 19, 19, 19
ch104, 19, 19, 19, 19, 19, 19, 19, 19, 19, 19, 19, 19
ch106, 19, 19, 19, 19, 19, 19, 19, 19, 19, 19, 19, 19
ch108, 19, 19, 19, 19, 19, 19, 19, 19, 19, 19, 19, 19
ch110, 19, 19, 19, 19, 19, 19, 19, 19, 19, 19, 19, 19
ch112, 19, 19, 19, 19, 19, 19, 19, 19, 19, 19, 19, 19
ch116, 20, 20, 20, 20, 20, 20, 20, 20, 20, 20, 20, 20
ch118, 20, 20, 20, 20, 20, 20, 20, 20, 20, 20, 20, 20
ch120, 20, 20, 20, 20, 20, 20, 20, 20, 20, 20, 20, 20
ch122, 20, 20, 20, 20, 20, 20, 20, 20, 20, 20, 20, 20
ch124, 20, 20, 20, 20, 20, 20, 20, 20, 20, 20, 20, 20
ch126, 20, 20, 20, 20, 20, 20, 20, 20, 20, 20, 20, 20
ch128, 20, 20, 20, 20, 20, 20, 20, 20, 20, 20, 20, 20
ch132, 19, 19, 19, 19, 19, 19, 19, 19, 19, 19, 19, 19
ch134, 19, 19, 19, 19, 19, 19, 19, 19, 19, 19, 19, 19
ch136, 19, 19, 19, 19, 19, 19, 19, 19, 19, 19, 19, 19
ch138, 19, 19, 19, 19, 19, 19, 19, 19, 19, 19, 19, 19
ch140, 19, 19, 19, 19, 19, 19, 19, 19, 19, 19, 19, 19
ch142, 18, 18, 18, 18, 18, 18, 18, 18, 18, 18, 18, 18
ch144, 18, 18, 18, 18, 18, 18, 18, 18, 18, 18, 18, 18
ch149, 24, 24, 24, 24, 24, 24, 24, 24, 24, 24, 24, 24
ch151, 24, 24, 24, 24, 24, 24, 24, 24, 24, 24, 24, 24
ch153, 24, 24, 24, 24, 24, 24, 24, 24, 24, 24, 24, 24
ch155, 24, 24, 24, 24, 24, 24, 24, 24, 24, 24, 24, 24
ch157, 24, 24, 24, 24, 24, 24, 24, 24, 24, 24, 24, 24
ch159, 23, 23, 23, 23, 23, 23, 23, 23, 23, 23, 23, 23
ch161, 23, 23, 23, 23, 23, 23, 23, 23, 23, 23, 23, 23
ch165, 23, 23, 23, 23, 23, 23, 23, 23, 23, 23, 23, 23
</ru106>

<ru242, m0, m1, m2, m3, m4, m5, m6, m7, m8, m9, m10, m11>
ch001, 24, 24, 24, 24, 24, 24, 24, 24, 24, 24, 24, 24
ch002, 24, 24, 24, 24, 24, 24, 24, 24, 24, 24, 24, 24
ch003, 24, 24, 24, 24, 24, 24, 24, 24, 24, 24, 24, 24
ch004, 24, 24, 24, 24, 24, 24, 24, 24, 24, 24, 24, 24
ch005, 24, 24, 24, 24, 24, 24, 24, 24, 24, 24, 24, 24
ch006, 24, 24, 24, 24, 24, 24, 24, 24, 24, 24, 24, 24
ch007, 24, 24, 24, 24, 24, 24, 24, 24, 24, 24, 24, 24
ch008, 24, 24, 24, 24, 24, 24, 24, 24, 24, 24, 24, 24
ch009, 24, 24, 24, 24, 24, 24, 24, 24, 24, 24, 24, 24
ch010, 24, 24, 24, 24, 24, 24, 24, 24, 24, 24, 24, 24
ch011, 24, 24, 24, 24, 24, 24, 24, 24, 24, 24, 24, 24
ch012, 20, 20, 20, 20, 20, 20, 20, 20, 20, 20, 20, 20
ch013, 12, 12, 12, 12, 12, 12, 12, 12, 12, 12, 12, 12
ch014, x, x, x, x, x, x, x, x, x, x, x, x
ch036, 24, 24, 24, 24, 24, 24, 24, 24, 24, 24, 24, 24
ch038, 20, 20, 20, 20, 20, 20, 20, 20, 20, 20, 20, 20
ch040, 24, 24, 24, 24, 24, 24, 24, 24, 24, 24, 24, 24
ch042, 20, 20, 20, 20, 20, 20, 20, 20, 20, 20, 20, 20
ch044, 24, 24, 24, 24, 24, 24, 24, 24, 24, 24, 24, 24
ch046, 23, 23, 23, 23, 23, 23, 23, 23, 23, 23, 23, 23
ch048, 24, 24, 24, 24, 24, 24, 24, 24, 24, 24, 24, 24
ch052, 24, 24, 24, 24, 24, 24, 24, 24, 24, 24, 24, 24
ch054, 24, 24, 24, 24, 24, 24, 24, 24, 24, 24, 24, 24
ch056, 24, 24, 24, 24, 24, 24, 24, 24, 24, 24, 24, 24
ch058, 20, 20, 20, 20, 20, 20, 20, 20, 20, 20, 20, 20
ch060, 24, 24, 24, 24, 24, 24, 24, 24, 24, 24, 24, 24
ch062, 20, 20, 20, 20, 20, 20, 20, 20, 20, 20, 20, 20
ch064, 24, 24, 24, 24, 24, 24, 24, 24, 24, 24, 24, 24
ch100, 24, 24, 24, 24, 24, 24, 24, 24, 24, 24, 24, 24
ch102, 23, 23, 23, 23, 23, 23, 23, 23, 23, 23, 23, 23
ch104, 24, 24, 24, 24, 24, 24, 24, 24, 24, 24, 24, 24
ch106, 23, 23, 23, 23, 23, 23, 23, 23, 23, 23, 23, 23
ch108, 24, 24, 24, 24, 24, 24, 24, 24, 24, 24, 24, 24
ch110, 24, 24, 24, 24, 24, 24, 24, 24, 24, 24, 24, 24
ch112, 24, 24, 24, 24, 24, 24, 24, 24, 24, 24, 24, 24
ch116, 24, 24, 24, 24, 24, 24, 24, 24, 24, 24, 24, 24
ch118, 24, 24, 24, 24, 24, 24, 24, 24, 24, 24, 24, 24
ch120, 24, 24, 24, 24, 24, 24, 24, 24, 24, 24, 24, 24
ch122, 24, 24, 24, 24, 24, 24, 24, 24, 24, 24, 24, 24
ch124, 24, 24, 24, 24, 24, 24, 24, 24, 24, 24, 24, 24
ch126, 23, 23, 23, 23, 23, 23, 23, 23, 23, 23, 23, 23
ch128, 24, 24, 24, 24, 24, 24, 24, 24, 24, 24, 24, 24
ch132, 24, 24, 24, 24, 24, 24, 24, 24, 24, 24, 24, 24
ch134, 23, 23, 23, 23, 23, 23, 23, 23, 23, 23, 23, 23
ch136, 24, 24, 24, 24, 24, 24, 24, 24, 24, 24, 24, 24
ch138, 23, 23, 23, 23, 23, 23, 23, 23, 23, 23, 23, 23
ch140, 24, 24, 24, 24, 24, 24, 24, 24, 24, 24, 24, 24
ch142, 23, 23, 23, 23, 23, 23, 23, 23, 23, 23, 23, 23
ch144, 24, 24, 24, 24, 24, 24, 24, 24, 24, 24, 24, 24
ch149, 24, 24, 24, 24, 24, 24, 24, 24, 24, 24, 24, 24
ch151, 21, 21, 21, 21, 21, 21, 21, 21, 21, 21, 21, 21
ch153, 24, 24, 24, 24, 24, 24, 24, 24, 24, 24, 24, 24
ch155, 23, 23, 23, 23, 23, 23, 23, 23, 23, 23, 23, 23
ch157, 24, 24, 24, 24, 24, 24, 24, 24, 24, 24, 24, 24
ch159, 23, 23, 23, 23, 23, 23, 23, 23, 23, 23, 23, 23
ch161, 24, 24, 24, 24, 24, 24, 24, 24, 24, 24, 24, 24
ch165, 24, 24, 24, 24, 24, 24, 24, 24, 24, 24, 24, 24
</ru242>

<ru484, m0, m1, m2, m3, m4, m5, m6, m7, m8, m9, m10, m11>
ch038, 24, 24, 24, 24, 24, 24, 24, 24, 24, 24, 24, 24
ch042, 16, 16, 16, 16, 16, 16, 16, 16, 16, 16, 16, 16
ch046, 24, 24, 24, 24, 24, 24, 24, 24, 24, 24, 24, 24
ch054, 24, 24, 24, 24, 24, 24, 24, 24, 24, 24, 24, 24
ch058, 13, 13, 13, 13, 13, 13, 13, 13, 13, 13, 13, 13
ch062, 21, 21, 21, 21, 21, 21, 21, 21, 21, 21, 21, 21
ch102, 24, 24, 24, 24, 24, 24, 24, 24, 24, 24, 24, 24
ch106, 21, 21, 21, 21, 21, 21, 21, 21, 21, 21, 21, 21
ch110, 24, 24, 24, 24, 24, 24, 24, 24, 24, 24, 24, 24
ch118, 24, 24, 24, 24, 24, 24, 24, 24, 24, 24, 24, 24
ch122, 24, 24, 24, 24, 24, 24, 24, 24, 24, 24, 24, 24
ch126, 24, 24, 24, 24, 24, 24, 24, 24, 24, 24, 24, 24
ch134, 24, 24, 24, 24, 24, 24, 24, 24, 24, 24, 24, 24
ch138, 24, 24, 24, 24, 24, 24, 24, 24, 24, 24, 24, 24
ch142, 24, 24, 24, 24, 24, 24, 24, 24, 24, 24, 24, 24
ch151, 24, 24, 24, 24, 24, 24, 24, 24, 24, 24, 24, 24
ch155, 22, 22, 22, 22, 22, 22, 22, 22, 22, 22, 22, 22
ch159, 24, 24, 24, 24, 24, 24, 24, 24, 24, 24, 24, 24
</ru484>

<ru996, m0, m1, m2, m3, m4, m5, m6, m7, m8, m9, m10, m11> 
ch042, 19, 19, 19, 19, 19, 19, 19, 19, 19, 19, 19, 19
ch058, 17, 17, 17, 17, 17, 17, 17, 17, 17, 17, 17, 17
ch106, 23, 23, 23, 23, 23, 23, 23, 23, 23, 23, 23, 23
ch122, 24, 24, 24, 24, 24, 24, 24, 24, 24, 24, 24, 24
ch138, 24, 24, 24, 24, 24, 24, 24, 24, 24, 24, 24, 24
ch155, 24, 24, 24, 24, 24, 24, 24, 24, 24, 24, 24, 24
</ru996>

[FR,IT,ES,DE,AT,DK,FI,IE,NL,NO,PL,SE,AE]
<cck,  c1, c2, c5, c11>
ch001, 17, 17, 17, 17
ch002, 17, 17, 17, 17
ch003, 18, 18, 18, 18
ch004, 18, 18, 18, 18
ch005, 18, 18, 18, 18
ch006, 18, 18, 18, 18
ch007, 18, 18, 18, 18
ch008, 18, 18, 18, 18
ch009, 18, 18, 18, 18
ch010, 18, 18, 18, 18
ch011, 18, 18, 18, 18
ch012, 18, 18, 18, 18
ch013, 18, 18, 18, 18
ch014, x, x, x, x
</cck>

<ofdm, o6, o9, o12, o18, o24, o36, o48, o54>
ch001, 21, 21, 21, 21, 21, 21, 21, 21
ch002, 21, 21, 21, 21, 21, 21, 21, 21
ch003, 21, 21, 21, 21, 21, 21, 21, 21
ch004, 21, 21, 21, 21, 21, 21, 21, 21
ch005, 21, 21, 21, 21, 21, 21, 21, 21
ch006, 21, 21, 21, 21, 21, 21, 21, 21
ch007, 21, 21, 21, 21, 21, 21, 21, 21
ch008, 21, 21, 21, 21, 21, 21, 21, 21
ch009, 21, 21, 21, 21, 21, 21, 21, 21
ch010, 21, 21, 21, 21, 21, 21, 21, 21
ch011, 21, 21, 21, 21, 21, 21, 21, 21
ch012, 21, 21, 21, 21, 21, 21, 21, 21
ch013, 21, 21, 21, 21, 21, 21, 21, 21
ch014, x, x, x, x, x, x, x, x
ch036, 20, 20, 20, 20, 20, 20, 20, 20
ch038, 20, 20, 20, 20, 20, 20, 20, 20
ch040, 20, 20, 20, 20, 20, 20, 20, 20
ch042, 20, 20, 20, 20, 20, 20, 20, 20
ch044, 20, 20, 20, 20, 20, 20, 20, 20
ch046, 20, 20, 20, 20, 20, 20, 20, 20
ch048, 20, 20, 20, 20, 20, 20, 20, 20
ch052, 14, 14, 14, 14, 14, 14, 14, 14
ch054, 14, 14, 14, 14, 14, 14, 14, 14
ch056, 14, 14, 14, 14, 14, 14, 14, 14
ch058, 14, 14, 14, 14, 14, 14, 14, 14
ch060, 14, 14, 14, 14, 14, 14, 14, 14
ch062, 14, 14, 14, 14, 14, 14, 14, 14
ch064, 14, 14, 14, 14, 14, 14, 14, 14
ch100, 13, 13, 13, 13, 13, 13, 13, 13
ch102, 13, 13, 13, 13, 13, 13, 13, 13
ch104, 13, 13, 13, 13, 13, 13, 13, 13
ch106, 13, 13, 13, 13, 13, 13, 13, 13
ch108, 13, 13, 13, 13, 13, 13, 13, 13
ch110, 13, 13, 13, 13, 13, 13, 13, 13
ch112, 13, 13, 13, 13, 13, 13, 13, 13
ch116, 13, 13, 13, 13, 13, 13, 13, 13
ch118, 13, 13, 13, 13, 13, 13, 13, 13
ch120, 13, 13, 13, 13, 13, 13, 13, 13
ch122, 13, 13, 13, 13, 13, 13, 13, 13
ch124, 13, 13, 13, 13, 13, 13, 13, 13
ch126, 13, 13, 13, 13, 13, 13, 13, 13
ch128, 13, 13, 13, 13, 13, 13, 13, 13
ch132, 13, 13, 13, 13, 13, 13, 13, 13
ch134, 13, 13, 13, 13, 13, 13, 13, 13
ch136, 13, 13, 13, 13, 13, 13, 13, 13
ch138, x, x, x, x, x, x, x, x
ch140, 13, 13, 13, 13, 13, 13, 13, 13
ch142, x, x, x, x, x, x, x, x
ch144, x, x, x, x, x, x, x, x
ch149, 6, 6, 6, 6, 6, 6, 6, 6
ch151, 6, 6, 6, 6, 6, 6, 6, 6
ch153, 6, 6, 6, 6, 6, 6, 6, 6
ch155, 6, 6, 6, 6, 6, 6, 6, 6
ch157, 6, 6, 6, 6, 6, 6, 6, 6
ch159, 6, 6, 6, 6, 6, 6, 6, 6
ch161, 6, 6, 6, 6, 6, 6, 6, 6
ch165, 6, 6, 6, 6, 6, 6, 6, 6
</ofdm>

<ht20, m0, m1, m2, m3, m4, m5, m6, m7>
ch001, 22, 22, 22, 22, 22, 22, 22, 22
ch002, 22, 22, 22, 22, 22, 22, 22, 22
ch003, 22, 22, 22, 22, 22, 22, 22, 22
ch004, 22, 22, 22, 22, 22, 22, 22, 22
ch005, 22, 22, 22, 22, 22, 22, 22, 22
ch006, 22, 22, 22, 22, 22, 22, 22, 22
ch007, 22, 22, 22, 22, 22, 22, 22, 22
ch008, 22, 22, 22, 22, 22, 22, 22, 22
ch009, 22, 22, 22, 22, 22, 22, 22, 22
ch010, 22, 22, 22, 22, 22, 22, 22, 22
ch011, 22, 22, 22, 22, 22, 22, 22, 22
ch012, 22, 22, 22, 22, 22, 22, 22, 22
ch013, 22, 22, 22, 22, 22, 22, 22, 22
ch014, x, x, x, x, x, x, x, x
ch036, 22, 22, 22, 22, 22, 22, 22, 22
ch038, 22, 22, 22, 22, 22, 22, 22, 22
ch040, 22, 22, 22, 22, 22, 22, 22, 22
ch042, 22, 22, 22, 22, 22, 22, 22, 22
ch044, 22, 22, 22, 22, 22, 22, 22, 22
ch046, 22, 22, 22, 22, 22, 22, 22, 22
ch048, 22, 22, 22, 22, 22, 22, 22, 22
ch052, 16, 16, 16, 16, 16, 16, 16, 16
ch054, 16, 16, 16, 16, 16, 16, 16, 16
ch056, 16, 16, 16, 16, 16, 16, 16, 16
ch058, 16, 16, 16, 16, 16, 16, 16, 16
ch060, 16, 16, 16, 16, 16, 16, 16, 16
ch062, 16, 16, 16, 16, 16, 16, 16, 16
ch064, 16, 16, 16, 16, 16, 16, 16, 16
ch100, 15, 15, 15, 15, 15, 15, 15, 15
ch102, 15, 15, 15, 15, 15, 15, 15, 15
ch104, 15, 15, 15, 15, 15, 15, 15, 15
ch106, 15, 15, 15, 15, 15, 15, 15, 15
ch108, 15, 15, 15, 15, 15, 15, 15, 15
ch110, 15, 15, 15, 15, 15, 15, 15, 15
ch112, 15, 15, 15, 15, 15, 15, 15, 15
ch116, 15, 15, 15, 15, 15, 15, 15, 15
ch118, 15, 15, 15, 15, 15, 15, 15, 15
ch120, 15, 15, 15, 15, 15, 15, 15, 15
ch122, 15, 15, 15, 15, 15, 15, 15, 15
ch124, 15, 15, 15, 15, 15, 15, 15, 15
ch126, 15, 15, 15, 15, 15, 15, 15, 15
ch128, 15, 15, 15, 15, 15, 15, 15, 15
ch132, 15, 15, 15, 15, 15, 15, 15, 15
ch134, 15, 15, 15, 15, 15, 15, 15, 15
ch136, 15, 15, 15, 15, 15, 15, 15, 15
ch138, x, x, x, x, x, x, x, x
ch140, 15, 15, 15, 15, 15, 15, 15, 15
ch142, x, x, x, x, x, x, x, x
ch144, x, x, x, x, x, x, x, x
ch149, 6, 6, 6, 6, 6, 6, 6, 6
ch151, 6, 6, 6, 6, 6, 6, 6, 6
ch153, 6, 6, 6, 6, 6, 6, 6, 6
ch155, 6, 6, 6, 6, 6, 6, 6, 6
ch157, 6, 6, 6, 6, 6, 6, 6, 6
ch159, 6, 6, 6, 6, 6, 6, 6, 6
ch161, 6, 6, 6, 6, 6, 6, 6, 6
ch165, 6, 6, 6, 6, 6, 6, 6, 6
</ht20>

<ht40, m0, m1, m2, m3, m4, m5, m6, m7> 
ch038, 24, 24, 24, 24, 24, 24, 24, 24, 24
ch042, 24, 24, 24, 24, 24, 24, 24, 24, 24
ch046, 24, 24, 24, 24, 24, 24, 24, 24, 24
ch054, 18, 18, 18, 18, 18, 18, 18, 18, 18
ch058, 18, 18, 18, 18, 18, 18, 18, 18, 18
ch062, 18, 18, 18, 18, 18, 18, 18, 18, 18
ch102, 18, 18, 18, 18, 18, 18, 18, 18, 18
ch106, 18, 18, 18, 18, 18, 18, 18, 18, 18
ch110, 18, 18, 18, 18, 18, 18, 18, 18, 18
ch118, 18, 18, 18, 18, 18, 18, 18, 18, 18
ch122, 18, 18, 18, 18, 18, 18, 18, 18, 18
ch126, 18, 18, 18, 18, 18, 18, 18, 18, 18
ch134, 18, 18, 18, 18, 18, 18, 18, 18, 18
ch138, x, x, x, x, x, x, x, x, x
ch142, x, x, x, x, x, x, x, x, x
ch151, 6, 6, 6, 6, 6, 6, 6, 6, 6
ch155, 6, 6, 6, 6, 6, 6, 6, 6, 6
ch159, 6, 6, 6, 6, 6, 6, 6, 6, 6
</ht40>

<vht20, m0, m1, m2, m3, m4, m5, m6, m7, m8, m9>
ch036, 22, 22, 22, 22, 22, 22, 22, 22, 22, 22
ch038, 22, 22, 22, 22, 22, 22, 22, 22, 22, 22
ch040, 22, 22, 22, 22, 22, 22, 22, 22, 22, 22
ch042, 22, 22, 22, 22, 22, 22, 22, 22, 22, 22
ch044, 22, 22, 22, 22, 22, 22, 22, 22, 22, 22
ch046, 22, 22, 22, 22, 22, 22, 22, 22, 22, 22
ch048, 22, 22, 22, 22, 22, 22, 22, 22, 22, 22
ch052, 16, 16, 16, 16, 16, 16, 16, 16, 16, 16
ch054, 16, 16, 16, 16, 16, 16, 16, 16, 16, 16
ch056, 16, 16, 16, 16, 16, 16, 16, 16, 16, 16
ch058, 16, 16, 16, 16, 16, 16, 16, 16, 16, 16
ch060, 16, 16, 16, 16, 16, 16, 16, 16, 16, 16
ch062, 16, 16, 16, 16, 16, 16, 16, 16, 16, 16
ch064, 16, 16, 16, 16, 16, 16, 16, 16, 16, 16
ch100, 15, 15, 15, 15, 15, 15, 15, 15, 15, 15
ch102, 15, 15, 15, 15, 15, 15, 15, 15, 15, 15
ch104, 15, 15, 15, 15, 15, 15, 15, 15, 15, 15
ch106, 15, 15, 15, 15, 15, 15, 15, 15, 15, 15
ch108, 15, 15, 15, 15, 15, 15, 15, 15, 15, 15
ch110, 15, 15, 15, 15, 15, 15, 15, 15, 15, 15
ch112, 15, 15, 15, 15, 15, 15, 15, 15, 15, 15
ch116, 15, 15, 15, 15, 15, 15, 15, 15, 15, 15
ch118, 15, 15, 15, 15, 15, 15, 15, 15, 15, 15
ch120, 15, 15, 15, 15, 15, 15, 15, 15, 15, 15
ch122, 15, 15, 15, 15, 15, 15, 15, 15, 15, 15
ch124, 15, 15, 15, 15, 15, 15, 15, 15, 15, 15
ch126, 15, 15, 15, 15, 15, 15, 15, 15, 15, 15
ch128, 15, 15, 15, 15, 15, 15, 15, 15, 15, 15
ch132, 15, 15, 15, 15, 15, 15, 15, 15, 15, 15
ch134, 15, 15, 15, 15, 15, 15, 15, 15, 15, 15
ch136, 15, 15, 15, 15, 15, 15, 15, 15, 15, 15
ch138, x, x, x, x, x, x, x, x, x, x
ch140, 15, 15, 15, 15, 15, 15, 15, 15, 15, 15
ch142, x, x, x, x, x, x, x, x, x, x
ch144, x, x, x, x, x, x, x, x, x, x
ch149, 6, 6, 6, 6, 6, 6, 6, 6, 6, 6
ch151, 6, 6, 6, 6, 6, 6, 6, 6, 6, 6
ch153, 6, 6, 6, 6, 6, 6, 6, 6, 6, 6
ch155, 6, 6, 6, 6, 6, 6, 6, 6, 6, 6
ch157, 6, 6, 6, 6, 6, 6, 6, 6, 6, 6
ch159, 6, 6, 6, 6, 6, 6, 6, 6, 6, 6
ch161, 6, 6, 6, 6, 6, 6, 6, 6, 6, 6
ch165, 6, 6, 6, 6, 6, 6, 6, 6, 6, 6
</vht20>

<vht40, m0, m1, m2, m3, m4, m5, m6, m7, m8, m9>
ch038, 24, 24, 24, 24, 24, 24, 24, 24, 24, 24
ch042, 24, 24, 24, 24, 24, 24, 24, 24, 24, 24
ch046, 24, 24, 24, 24, 24, 24, 24, 24, 24, 24
ch054, 18, 18, 18, 18, 18, 18, 18, 18, 18, 18
ch058, 18, 18, 18, 18, 18, 18, 18, 18, 18, 18
ch062, 18, 18, 18, 18, 18, 18, 18, 18, 18, 18
ch102, 18, 18, 18, 18, 18, 18, 18, 18, 18, 18
ch106, 18, 18, 18, 18, 18, 18, 18, 18, 18, 18
ch110, 18, 18, 18, 18, 18, 18, 18, 18, 18, 18
ch118, 18, 18, 18, 18, 18, 18, 18, 18, 18, 18
ch122, 18, 18, 18, 18, 18, 18, 18, 18, 18, 18
ch126, 18, 18, 18, 18, 18, 18, 18, 18, 18, 18
ch134, 18, 18, 18, 18, 18, 18, 18, 18, 18, 18
ch138, x, x, x, x, x, x, x, x, x, x
ch142, x, x, x, x, x, x, x, x, x, x
ch151, 6, 6, 6, 6, 6, 6, 6, 6, 6, 6
ch155, 6, 6, 6, 6, 6, 6, 6, 6, 6, 6
ch159, 6, 6, 6, 6, 6, 6, 6, 6, 6, 6
</vht40>

<vht80, m0, m1, m2, m3, m4, m5, m6, m7, m8, m9> 
ch042, 24, 24, 24, 24, 24, 24, 24, 24, 24, 24
ch058, 19, 19, 19, 19, 19, 19, 19, 19, 19, 19
ch106, 18, 18, 18, 18, 18, 18, 18, 18, 18, 18
ch122, 18, 18, 18, 18, 18, 18, 18, 18, 18, 18
ch138, x, x, x, x, x, x, x, x, x, x
ch155, 6, 6, 6, 6, 6, 6, 6, 6, 6, 6
</vht80>

<ru26, m0, m1, m2, m3, m4, m5, m6, m7, m8, m9, m10, m11>
ch001, 5, 5, 5, 5, 5, 5, 5, 5, 5, 5, 5, 5
ch002, 5, 5, 5, 5, 5, 5, 5, 5, 5, 5, 5, 5
ch003, 5, 5, 5, 5, 5, 5, 5, 5, 5, 5, 5, 5
ch004, 5, 5, 5, 5, 5, 5, 5, 5, 5, 5, 5, 5
ch005, 5, 5, 5, 5, 5, 5, 5, 5, 5, 5, 5, 5
ch006, 5, 5, 5, 5, 5, 5, 5, 5, 5, 5, 5, 5
ch007, 5, 5, 5, 5, 5, 5, 5, 5, 5, 5, 5, 5
ch008, 5, 5, 5, 5, 5, 5, 5, 5, 5, 5, 5, 5
ch009, 5, 5, 5, 5, 5, 5, 5, 5, 5, 5, 5, 5
ch010, 3, 3, 3, 3, 3, 3, 3, 3, 3, 3, 3, 3
ch011, 3, 3, 3, 3, 3, 3, 3, 3, 3, 3, 3, 3
ch012, 3, 3, 3, 3, 3, 3, 3, 3, 3, 3, 3, 3
ch013, 3, 3, 3, 3, 3, 3, 3, 3, 3, 3, 3, 3
ch014, x, x, x, x, x, x, x, x, x, x, x, x
ch036, 5, 5, 5, 5, 5, 5, 5, 5, 5, 5, 5, 5
ch038, 5, 5, 5, 5, 5, 5, 5, 5, 5, 5, 5, 5
ch040, 5, 5, 5, 5, 5, 5, 5, 5, 5, 5, 5, 5
ch042, 5, 5, 5, 5, 5, 5, 5, 5, 5, 5, 5, 5
ch044, 5, 5, 5, 5, 5, 5, 5, 5, 5, 5, 5, 5
ch046, 5, 5, 5, 5, 5, 5, 5, 5, 5, 5, 5, 5
ch048, 5, 5, 5, 5, 5, 5, 5, 5, 5, 5, 5, 5
ch052, 2, 2, 2, 2, 2, 2, 2, 2, 2, 2, 2, 2
ch054, 2, 2, 2, 2, 2, 2, 2, 2, 2, 2, 2, 2
ch056, 2, 2, 2, 2, 2, 2, 2, 2, 2, 2, 2, 2
ch058, 2, 2, 2, 2, 2, 2, 2, 2, 2, 2, 2, 2
ch060, 2, 2, 2, 2, 2, 2, 2, 2, 2, 2, 2, 2
ch062, 2, 2, 2, 2, 2, 2, 2, 2, 2, 2, 2, 2
ch064, 2, 2, 2, 2, 2, 2, 2, 2, 2, 2, 2, 2
ch100, -1, -1, -1, -1, -1, -1, -1, -1, -1, -1, -1, -1
ch102, -1, -1, -1, -1, -1, -1, -1, -1, -1, -1, -1, -1
ch104, -1, -1, -1, -1, -1, -1, -1, -1, -1, -1, -1, -1
ch106, -1, -1, -1, -1, -1, -1, -1, -1, -1, -1, -1, -1
ch108, -1, -1, -1, -1, -1, -1, -1, -1, -1, -1, -1, -1
ch110, -1, -1, -1, -1, -1, -1, -1, -1, -1, -1, -1, -1
ch112, -1, -1, -1, -1, -1, -1, -1, -1, -1, -1, -1, -1
ch116, -1, -1, -1, -1, -1, -1, -1, -1, -1, -1, -1, -1
ch118, -1, -1, -1, -1, -1, -1, -1, -1, -1, -1, -1, -1
ch120, -1, -1, -1, -1, -1, -1, -1, -1, -1, -1, -1, -1
ch122, -1, -1, -1, -1, -1, -1, -1, -1, -1, -1, -1, -1
ch124, -1, -1, -1, -1, -1, -1, -1, -1, -1, -1, -1, -1
ch126, -1, -1, -1, -1, -1, -1, -1, -1, -1, -1, -1, -1
ch128, -1, -1, -1, -1, -1, -1, -1, -1, -1, -1, -1, -1
ch132, -1, -1, -1, -1, -1, -1, -1, -1, -1, -1, -1, -1
ch134, -1, -1, -1, -1, -1, -1, -1, -1, -1, -1, -1, -1
ch136, -1, -1, -1, -1, -1, -1, -1, -1, -1, -1, -1, -1
ch138, x, x, x, x, x, x, x, x, x, x, x, x
ch140, -1, -1, -1, -1, -1, -1, -1, -1, -1, -1, -1, -1
ch142, x, x, x, x, x, x, x, x, x, x, x, x
ch144, x, x, x, x, x, x, x, x, x, x, x, x
ch149, 6, 6, 6, 6, 6, 6, 6, 6, 6, 6, 6, 6
ch151, 6, 6, 6, 6, 6, 6, 6, 6, 6, 6, 6, 6
ch153, 6, 6, 6, 6, 6, 6, 6, 6, 6, 6, 6, 6
ch155, 6, 6, 6, 6, 6, 6, 6, 6, 6, 6, 6, 6
ch157, 6, 6, 6, 6, 6, 6, 6, 6, 6, 6, 6, 6
ch159, 6, 6, 6, 6, 6, 6, 6, 6, 6, 6, 6, 6
ch161, 6, 6, 6, 6, 6, 6, 6, 6, 6, 6, 6, 6
ch165, 6, 6, 6, 6, 6, 6, 6, 6, 6, 6, 6, 6
</ru26>

<ru52, m0, m1, m2, m3, m4, m5, m6, m7, m8, m9, m10, m11>
ch001, 10, 10, 10, 10, 10, 10, 10, 10, 10, 10, 10, 10
ch002, 10, 10, 10, 10, 10, 10, 10, 10, 10, 10, 10, 10
ch003, 11, 11, 11, 11, 11, 11, 11, 11, 11, 11, 11, 11
ch004, 11, 11, 11, 11, 11, 11, 11, 11, 11, 11, 11, 11
ch005, 11, 11, 11, 11, 11, 11, 11, 11, 11, 11, 11, 11
ch006, 11, 11, 11, 11, 11, 11, 11, 11, 11, 11, 11, 11
ch007, 11, 11, 11, 11, 11, 11, 11, 11, 11, 11, 11, 11
ch008, 11, 11, 11, 11, 11, 11, 11, 11, 11, 11, 11, 11
ch009, 11, 11, 11, 11, 11, 11, 11, 11, 11, 11, 11, 11
ch010, 9, 9, 9, 9, 9, 9, 9, 9, 9, 9, 9, 9
ch011, 9, 9, 9, 9, 9, 9, 9, 9, 9, 9, 9, 9
ch012, 9, 9, 9, 9, 9, 9, 9, 9, 9, 9, 9, 9
ch013, 9, 9, 9, 9, 9, 9, 9, 9, 9, 9, 9, 9
ch014, x, x, x, x, x, x, x, x, x, x, x, x
ch036, 10, 10, 10, 10, 10, 10, 10, 10, 10, 10, 10, 10
ch038, 10, 10, 10, 10, 10, 10, 10, 10, 10, 10, 10, 10
ch040, 10, 10, 10, 10, 10, 10, 10, 10, 10, 10, 10, 10
ch042, 10, 10, 10, 10, 10, 10, 10, 10, 10, 10, 10, 10
ch044, 10, 10, 10, 10, 10, 10, 10, 10, 10, 10, 10, 10
ch046, 10, 10, 10, 10, 10, 10, 10, 10, 10, 10, 10, 10
ch048, 10, 10, 10, 10, 10, 10, 10, 10, 10, 10, 10, 10
ch052, 5, 5, 5, 5, 5, 5, 5, 5, 5, 5, 5, 5
ch054, 5, 5, 5, 5, 5, 5, 5, 5, 5, 5, 5, 5
ch056, 5, 5, 5, 5, 5, 5, 5, 5, 5, 5, 5, 5
ch058, 5, 5, 5, 5, 5, 5, 5, 5, 5, 5, 5, 5
ch060, 5, 5, 5, 5, 5, 5, 5, 5, 5, 5, 5, 5
ch062, 5, 5, 5, 5, 5, 5, 5, 5, 5, 5, 5, 5
ch064, 5, 5, 5, 5, 5, 5, 5, 5, 5, 5, 5, 5
ch100, 4, 4, 4, 4, 4, 4, 4, 4, 4, 4, 4, 4
ch102, 4, 4, 4, 4, 4, 4, 4, 4, 4, 4, 4, 4
ch104, 4, 4, 4, 4, 4, 4, 4, 4, 4, 4, 4, 4
ch106, 4, 4, 4, 4, 4, 4, 4, 4, 4, 4, 4, 4
ch108, 4, 4, 4, 4, 4, 4, 4, 4, 4, 4, 4, 4
ch110, 4, 4, 4, 4, 4, 4, 4, 4, 4, 4, 4, 4
ch112, 4, 4, 4, 4, 4, 4, 4, 4, 4, 4, 4, 4
ch116, 4, 4, 4, 4, 4, 4, 4, 4, 4, 4, 4, 4
ch118, 4, 4, 4, 4, 4, 4, 4, 4, 4, 4, 4, 4
ch120, 4, 4, 4, 4, 4, 4, 4, 4, 4, 4, 4, 4
ch122, 4, 4, 4, 4, 4, 4, 4, 4, 4, 4, 4, 4
ch124, 4, 4, 4, 4, 4, 4, 4, 4, 4, 4, 4, 4
ch126, 4, 4, 4, 4, 4, 4, 4, 4, 4, 4, 4, 4
ch128, 4, 4, 4, 4, 4, 4, 4, 4, 4, 4, 4, 4
ch132, 4, 4, 4, 4, 4, 4, 4, 4, 4, 4, 4, 4
ch134, 4, 4, 4, 4, 4, 4, 4, 4, 4, 4, 4, 4
ch136, 4, 4, 4, 4, 4, 4, 4, 4, 4, 4, 4, 4
ch138, x, x, x, x, x, x, x, x, x, x, x, x
ch140, 4, 4, 4, 4, 4, 4, 4, 4, 4, 4, 4, 4
ch142, x, x, x, x, x, x, x, x, x, x, x, x
ch144, x, x, x, x, x, x, x, x, x, x, x, x
ch149, 6, 6, 6, 6, 6, 6, 6, 6, 6, 6, 6, 6
ch151, 6, 6, 6, 6, 6, 6, 6, 6, 6, 6, 6, 6
ch153, 6, 6, 6, 6, 6, 6, 6, 6, 6, 6, 6, 6
ch155, 6, 6, 6, 6, 6, 6, 6, 6, 6, 6, 6, 6
ch157, 6, 6, 6, 6, 6, 6, 6, 6, 6, 6, 6, 6
ch159, 6, 6, 6, 6, 6, 6, 6, 6, 6, 6, 6, 6
ch161, 6, 6, 6, 6, 6, 6, 6, 6, 6, 6, 6, 6
ch165, 6, 6, 6, 6, 6, 6, 6, 6, 6, 6, 6, 6
</ru52>

<ru106, m0, m1, m2, m3, m4, m5, m6, m7, m8, m9, m10, m11>
ch001, 16, 16, 16, 16, 16, 16, 16, 16, 16, 16, 16, 16
ch002, 16, 16, 16, 16, 16, 16, 16, 16, 16, 16, 16, 16
ch003, 17, 17, 17, 17, 17, 17, 17, 17, 17, 17, 17, 17
ch004, 17, 17, 17, 17, 17, 17, 17, 17, 17, 17, 17, 17
ch005, 17, 17, 17, 17, 17, 17, 17, 17, 17, 17, 17, 17
ch006, 17, 17, 17, 17, 17, 17, 17, 17, 17, 17, 17, 17
ch007, 17, 17, 17, 17, 17, 17, 17, 17, 17, 17, 17, 17
ch008, 17, 17, 17, 17, 17, 17, 17, 17, 17, 17, 17, 17
ch009, 17, 17, 17, 17, 17, 17, 17, 17, 17, 17, 17, 17
ch010, 14, 14, 14, 14, 14, 14, 14, 14, 14, 14, 14, 14
ch011, 14, 14, 14, 14, 14, 14, 14, 14, 14, 14, 14, 14
ch012, 14, 14, 14, 14, 14, 14, 14, 14, 14, 14, 14, 14
ch013, 14, 14, 14, 14, 14, 14, 14, 14, 14, 14, 14, 14
ch014, x, x, x, x, x, x, x, x, x, x, x, x
ch036, 16, 16, 16, 16, 16, 16, 16, 16, 16, 16, 16, 16
ch038, 16, 16, 16, 16, 16, 16, 16, 16, 16, 16, 16, 16
ch040, 16, 16, 16, 16, 16, 16, 16, 16, 16, 16, 16, 16
ch042, 16, 16, 16, 16, 16, 16, 16, 16, 16, 16, 16, 16
ch044, 16, 16, 16, 16, 16, 16, 16, 16, 16, 16, 16, 16
ch046, 16, 16, 16, 16, 16, 16, 16, 16, 16, 16, 16, 16
ch048, 16, 16, 16, 16, 16, 16, 16, 16, 16, 16, 16, 16
ch052, 11, 11, 11, 11, 11, 11, 11, 11, 11, 11, 11, 11
ch054, 11, 11, 11, 11, 11, 11, 11, 11, 11, 11, 11, 11
ch056, 11, 11, 11, 11, 11, 11, 11, 11, 11, 11, 11, 11
ch058, 11, 11, 11, 11, 11, 11, 11, 11, 11, 11, 11, 11
ch060, 11, 11, 11, 11, 11, 11, 11, 11, 11, 11, 11, 11
ch062, 11, 11, 11, 11, 11, 11, 11, 11, 11, 11, 11, 11
ch064, 11, 11, 11, 11, 11, 11, 11, 11, 11, 11, 11, 11
ch100, 8, 8, 8, 8, 8, 8, 8, 8, 8, 8, 8, 8
ch102, 8, 8, 8, 8, 8, 8, 8, 8, 8, 8, 8, 8
ch104, 8, 8, 8, 8, 8, 8, 8, 8, 8, 8, 8, 8
ch106, 8, 8, 8, 8, 8, 8, 8, 8, 8, 8, 8, 8
ch108, 8, 8, 8, 8, 8, 8, 8, 8, 8, 8, 8, 8
ch110, 8, 8, 8, 8, 8, 8, 8, 8, 8, 8, 8, 8
ch112, 8, 8, 8, 8, 8, 8, 8, 8, 8, 8, 8, 8
ch116, 8, 8, 8, 8, 8, 8, 8, 8, 8, 8, 8, 8
ch118, 8, 8, 8, 8, 8, 8, 8, 8, 8, 8, 8, 8
ch120, 8, 8, 8, 8, 8, 8, 8, 8, 8, 8, 8, 8
ch122, 8, 8, 8, 8, 8, 8, 8, 8, 8, 8, 8, 8
ch124, 8, 8, 8, 8, 8, 8, 8, 8, 8, 8, 8, 8
ch126, 8, 8, 8, 8, 8, 8, 8, 8, 8, 8, 8, 8
ch128, 8, 8, 8, 8, 8, 8, 8, 8, 8, 8, 8, 8
ch132, 9, 9, 9, 9, 9, 9, 9, 9, 9, 9, 9, 9
ch134, 9, 9, 9, 9, 9, 9, 9, 9, 9, 9, 9, 9
ch136, 9, 9, 9, 9, 9, 9, 9, 9, 9, 9, 9, 9
ch138, x, x, x, x, x, x, x, x, x, x, x, x
ch140, 9, 9, 9, 9, 9, 9, 9, 9, 9, 9, 9, 9
ch142, x, x, x, x, x, x, x, x, x, x, x, x
ch144, x, x, x, x, x, x, x, x, x, x, x, x
ch149, 6, 6, 6, 6, 6, 6, 6, 6, 6, 6, 6, 6
ch151, 6, 6, 6, 6, 6, 6, 6, 6, 6, 6, 6, 6
ch153, 6, 6, 6, 6, 6, 6, 6, 6, 6, 6, 6, 6
ch155, 6, 6, 6, 6, 6, 6, 6, 6, 6, 6, 6, 6
ch157, 6, 6, 6, 6, 6, 6, 6, 6, 6, 6, 6, 6
ch159, 6, 6, 6, 6, 6, 6, 6, 6, 6, 6, 6, 6
ch161, 6, 6, 6, 6, 6, 6, 6, 6, 6, 6, 6, 6
ch165, 6, 6, 6, 6, 6, 6, 6, 6, 6, 6, 6, 6
</ru106>

<ru242, m0, m1, m2, m3, m4, m5, m6, m7, m8, m9, m10, m11>
ch001, 22, 22, 22, 22, 22, 22, 22, 22, 22, 22, 22, 22
ch002, 22, 22, 22, 22, 22, 22, 22, 22, 22, 22, 22, 22
ch003, 22, 22, 22, 22, 22, 22, 22, 22, 22, 22, 22, 22
ch004, 22, 22, 22, 22, 22, 22, 22, 22, 22, 22, 22, 22
ch005, 22, 22, 22, 22, 22, 22, 22, 22, 22, 22, 22, 22
ch006, 22, 22, 22, 22, 22, 22, 22, 22, 22, 22, 22, 22
ch007, 22, 22, 22, 22, 22, 22, 22, 22, 22, 22, 22, 22
ch008, 22, 22, 22, 22, 22, 22, 22, 22, 22, 22, 22, 22
ch009, 22, 22, 22, 22, 22, 22, 22, 22, 22, 22, 22, 22
ch010, 22, 22, 22, 22, 22, 22, 22, 22, 22, 22, 22, 22
ch011, 22, 22, 22, 22, 22, 22, 22, 22, 22, 22, 22, 22
ch012, 22, 22, 22, 22, 22, 22, 22, 22, 22, 22, 22, 22
ch013, 22, 22, 22, 22, 22, 22, 22, 22, 22, 22, 22, 22
ch014, x, x, x, x, x, x, x, x, x, x, x, x
ch036, 21, 21, 21, 21, 21, 21, 21, 21, 21, 21, 21, 21
ch038, 21, 21, 21, 21, 21, 21, 21, 21, 21, 21, 21, 21
ch040, 21, 21, 21, 21, 21, 21, 21, 21, 21, 21, 21, 21
ch042, 21, 21, 21, 21, 21, 21, 21, 21, 21, 21, 21, 21
ch044, 21, 21, 21, 21, 21, 21, 21, 21, 21, 21, 21, 21
ch046, 21, 21, 21, 21, 21, 21, 21, 21, 21, 21, 21, 21
ch048, 21, 21, 21, 21, 21, 21, 21, 21, 21, 21, 21, 21
ch052, 15, 15, 15, 15, 15, 15, 15, 15, 15, 15, 15, 15
ch054, 15, 15, 15, 15, 15, 15, 15, 15, 15, 15, 15, 15
ch056, 15, 15, 15, 15, 15, 15, 15, 15, 15, 15, 15, 15
ch058, 15, 15, 15, 15, 15, 15, 15, 15, 15, 15, 15, 15
ch060, 15, 15, 15, 15, 15, 15, 15, 15, 15, 15, 15, 15
ch062, 15, 15, 15, 15, 15, 15, 15, 15, 15, 15, 15, 15
ch064, 15, 15, 15, 15, 15, 15, 15, 15, 15, 15, 15, 15
ch100, 14, 14, 14, 14, 14, 14, 14, 14, 14, 14, 14, 14
ch102, 14, 14, 14, 14, 14, 14, 14, 14, 14, 14, 14, 14
ch104, 14, 14, 14, 14, 14, 14, 14, 14, 14, 14, 14, 14
ch106, 14, 14, 14, 14, 14, 14, 14, 14, 14, 14, 14, 14
ch108, 14, 14, 14, 14, 14, 14, 14, 14, 14, 14, 14, 14
ch110, 14, 14, 14, 14, 14, 14, 14, 14, 14, 14, 14, 14
ch112, 14, 14, 14, 14, 14, 14, 14, 14, 14, 14, 14, 14
ch116, 14, 14, 14, 14, 14, 14, 14, 14, 14, 14, 14, 14
ch118, 14, 14, 14, 14, 14, 14, 14, 14, 14, 14, 14, 14
ch120, 14, 14, 14, 14, 14, 14, 14, 14, 14, 14, 14, 14
ch122, 14, 14, 14, 14, 14, 14, 14, 14, 14, 14, 14, 14
ch124, 14, 14, 14, 14, 14, 14, 14, 14, 14, 14, 14, 14
ch126, 14, 14, 14, 14, 14, 14, 14, 14, 14, 14, 14, 14
ch128, 14, 14, 14, 14, 14, 14, 14, 14, 14, 14, 14, 14
ch132, 14, 14, 14, 14, 14, 14, 14, 14, 14, 14, 14, 14
ch134, 14, 14, 14, 14, 14, 14, 14, 14, 14, 14, 14, 14
ch136, 14, 14, 14, 14, 14, 14, 14, 14, 14, 14, 14, 14
ch138, x, x, x, x, x, x, x, x, x, x, x, x
ch140, 14, 14, 14, 14, 14, 14, 14, 14, 14, 14, 14, 14
ch142, x, x, x, x, x, x, x, x, x, x, x, x
ch144, x, x, x, x, x, x, x, x, x, x, x, x
ch149, 6, 6, 6, 6, 6, 6, 6, 6, 6, 6, 6, 6
ch151, 6, 6, 6, 6, 6, 6, 6, 6, 6, 6, 6, 6
ch153, 6, 6, 6, 6, 6, 6, 6, 6, 6, 6, 6, 6
ch155, 6, 6, 6, 6, 6, 6, 6, 6, 6, 6, 6, 6
ch157, 6, 6, 6, 6, 6, 6, 6, 6, 6, 6, 6, 6
ch159, 6, 6, 6, 6, 6, 6, 6, 6, 6, 6, 6, 6
ch161, 6, 6, 6, 6, 6, 6, 6, 6, 6, 6, 6, 6
ch165, 6, 6, 6, 6, 6, 6, 6, 6, 6, 6, 6, 6
</ru242>

<ru484, m0, m1, m2, m3, m4, m5, m6, m7, m8, m9, m10, m11>
ch038, 23, 23, 23, 23, 23, 23, 23, 23, 23, 23, 23, 23
ch042, 22, 22, 22, 22, 22, 22, 22, 22, 22, 22, 22, 22
ch046, 23, 23, 23, 23, 23, 23, 23, 23, 23, 23, 23, 23
ch054, 17, 17, 17, 17, 17, 17, 17, 17, 17, 17, 17, 17
ch058, 16, 16, 16, 16, 16, 16, 16, 16, 16, 16, 16, 16
ch062, 17, 17, 17, 17, 17, 17, 17, 17, 17, 17, 17, 17
ch102, 17, 17, 17, 17, 17, 17, 17, 17, 17, 17, 17, 17
ch106, 15, 15, 15, 15, 15, 15, 15, 15, 15, 15, 15, 15
ch110, 17, 17, 17, 17, 17, 17, 17, 17, 17, 17, 17, 17
ch118, 17, 17, 17, 17, 17, 17, 17, 17, 17, 17, 17, 17
ch122, 15, 15, 15, 15, 15, 15, 15, 15, 15, 15, 15, 15
ch126, 17, 17, 17, 17, 17, 17, 17, 17, 17, 17, 17, 17
ch134, 17, 17, 17, 17, 17, 17, 17, 17, 17, 17, 17, 17
ch138, x, x, x, x, x, x, x, x, x, x, x, x
ch142, x, x, x, x, x, x, x, x, x, x, x, x
ch151, 6, 6, 6, 6, 6, 6, 6, 6, 6, 6, 6, 6
ch155, 6, 6, 6, 6, 6, 6, 6, 6, 6, 6, 6, 6
ch159, 6, 6, 6, 6, 6, 6, 6, 6, 6, 6, 6, 6
</ru484>

<ru996, m0, m1, m2, m3, m4, m5, m6, m7, m8, m9, m10, m11> 
ch042, 24, 24, 24, 24, 24, 24, 24, 24, 24, 24, 24, 24
ch058, 18, 18, 18, 18, 18, 18, 18, 18, 18, 18, 18, 18
ch106, 18, 18, 18, 18, 18, 18, 18, 18, 18, 18, 18, 18
ch122, 18, 18, 18, 18, 18, 18, 18, 18, 18, 18, 18, 18
ch138, x, x, x, x, x, x, x, x, x, x, x, x
ch155, 6, 6, 6, 6, 6, 6, 6, 6, 6, 6, 6, 6
</ru996>

[CA]
<cck,  c1, c2, c5, c11>
ch001, 28, 28, 28, 28
ch002, 28, 28, 28, 28
ch003, 28, 28, 28, 28
ch004, 28, 28, 28, 28
ch005, 28, 28, 28, 28
ch006, 28, 28, 28, 28
ch007, 28, 28, 28, 28
ch008, 28, 28, 28, 28
ch009, 28, 28, 28, 28
ch010, 28, 28, 28, 28
ch011, 28, 28, 28, 28
ch012, 24, 24, 24, 24
ch013, 15, 15, 15, 15
ch014, x, x, x, x
</cck>

<ofdm, o6, o9, o12, o18, o24, o36, o48, o54>
ch001, 27, 27, 27, 27, 27, 27, 27, 27
ch002, 27, 27, 27, 27, 27, 27, 27, 27
ch003, 28, 28, 28, 28, 28, 28, 28, 28
ch004, 28, 28, 28, 28, 28, 28, 28, 28
ch005, 28, 28, 28, 28, 28, 28, 28, 28
ch006, 28, 28, 28, 28, 28, 28, 28, 28
ch007, 28, 28, 28, 28, 28, 28, 28, 28
ch008, 28, 28, 28, 28, 28, 28, 28, 28
ch009, 28, 28, 28, 28, 28, 28, 28, 28
ch010, 28, 28, 28, 28, 28, 28, 28, 28
ch011, 28, 28, 28, 28, 28, 28, 28, 28
ch012, 24, 24, 24, 24, 24, 24, 24, 24
ch013, 15, 15, 15, 15, 15, 15, 15, 15
ch014, x, x, x, x, x, x, x, x
ch036, 12, 12, 12, 12, 12, 12, 12, 12
ch038, 12, 12, 12, 12, 12, 12, 12, 12
ch040, 12, 12, 12, 12, 12, 12, 12, 12
ch042, 12, 12, 12, 12, 12, 12, 12, 12
ch044, 12, 12, 12, 12, 12, 12, 12, 12
ch046, 12, 12, 12, 12, 12, 12, 12, 12
ch048, 12, 12, 12, 12, 12, 12, 12, 12
ch052, 22, 22, 22, 22, 22, 22, 22, 22
ch054, 22, 22, 22, 22, 22, 22, 22, 22
ch056, 22, 22, 22, 22, 22, 22, 22, 22
ch058, 22, 22, 22, 22, 22, 22, 22, 22
ch060, 21, 21, 21, 21, 21, 21, 21, 21
ch062, 21, 21, 21, 21, 21, 21, 21, 21
ch064, 22, 22, 22, 22, 22, 22, 22, 22
ch100, 24, 24, 24, 24, 24, 24, 24, 24
ch102, 24, 24, 24, 24, 24, 24, 24, 24
ch104, 24, 24, 24, 24, 24, 24, 24, 24
ch106, 24, 24, 24, 24, 24, 24, 24, 24
ch108, 24, 24, 24, 24, 24, 24, 24, 24
ch110, 24, 24, 24, 24, 24, 24, 24, 24
ch112, 24, 24, 24, 24, 24, 24, 24, 24
ch116, 23, 23, 23, 23, 23, 23, 23, 23
ch118, x, x, x, x, x, x, x, x
ch120, x, x, x, x, x, x, x, x
ch122, x, x, x, x, x, x, x, x
ch124, x, x, x, x, x, x, x, x
ch126, x, x, x, x, x, x, x, x
ch128, x, x, x, x, x, x, x, x
ch132, 24, 24, 24, 24, 24, 24, 24, 24
ch134, 24, 24, 24, 24, 24, 24, 24, 24
ch136, 24, 24, 24, 24, 24, 24, 24, 24
ch138, 24, 24, 24, 24, 24, 24, 24, 24
ch140, 24, 24, 24, 24, 24, 24, 24, 24
ch142, 23, 23, 23, 23, 23, 23, 23, 23
ch144, 23, 23, 23, 23, 23, 23, 23, 23
ch149, 24, 24, 24, 24, 24, 24, 24, 24
ch151, 24, 24, 24, 24, 24, 24, 24, 24
ch153, 24, 24, 24, 24, 24, 24, 24, 24
ch155, 24, 24, 24, 24, 24, 24, 24, 24
ch157, 24, 24, 24, 24, 24, 24, 24, 24
ch159, 24, 24, 24, 24, 24, 24, 24, 24
ch161, 24, 24, 24, 24, 24, 24, 24, 24
ch165, 24, 24, 24, 24, 24, 24, 24, 24
</ofdm>

<ht20, m0, m1, m2, m3, m4, m5, m6, m7>
ch001, 26, 26, 26, 26, 26, 26, 26, 26
ch002, 26, 26, 26, 26, 26, 26, 26, 26
ch003, 26, 26, 26, 26, 26, 26, 26, 26
ch004, 26, 26, 26, 26, 26, 26, 26, 26
ch005, 26, 26, 26, 26, 26, 26, 26, 26
ch006, 26, 26, 26, 26, 26, 26, 26, 26
ch007, 26, 26, 26, 26, 26, 26, 26, 26
ch008, 26, 26, 26, 26, 26, 26, 26, 26
ch009, 26, 26, 26, 26, 26, 26, 26, 26
ch010, 25, 25, 25, 25, 25, 25, 25, 25
ch011, 25, 25, 25, 25, 25, 25, 25, 25
ch012, 20, 20, 20, 20, 20, 20, 20, 20
ch013, 9, 9, 9, 9, 9, 9, 9, 9
ch014, x, x, x, x, x, x, x, x
ch036, 14, 14, 14, 14, 14, 14, 14, 14
ch038, 14, 14, 14, 14, 14, 14, 14, 14
ch040, 14, 14, 14, 14, 14, 14, 14, 14
ch042, 14, 14, 14, 14, 14, 14, 14, 14
ch044, 12, 12, 12, 12, 12, 12, 12, 12
ch046, 12, 12, 12, 12, 12, 12, 12, 12
ch048, 13, 13, 13, 13, 13, 13, 13, 13
ch052, 21, 21, 21, 21, 21, 21, 21, 21
ch054, 21, 21, 21, 21, 21, 21, 21, 21
ch056, 21, 21, 21, 21, 21, 21, 21, 21
ch058, 21, 21, 21, 21, 21, 21, 21, 21
ch060, 21, 21, 21, 21, 21, 21, 21, 21
ch062, 21, 21, 21, 21, 21, 21, 21, 21
ch064, 21, 21, 21, 21, 21, 21, 21, 21
ch100, 24, 24, 24, 24, 24, 24, 24, 24
ch102, 24, 24, 24, 24, 24, 24, 24, 24
ch104, 24, 24, 24, 24, 24, 24, 24, 24
ch106, 24, 24, 24, 24, 24, 24, 24, 24
ch108, 24, 24, 24, 24, 24, 24, 24, 24
ch110, 24, 24, 24, 24, 24, 24, 24, 24
ch112, 24, 24, 24, 24, 24, 24, 24, 24
ch116, 24, 24, 24, 24, 24, 24, 24, 24
ch118, x, x, x, x, x, x, x, x
ch120, x, x, x, x, x, x, x, x
ch122, x, x, x, x, x, x, x, x
ch124, x, x, x, x, x, x, x, x
ch126, x, x, x, x, x, x, x, x
ch128, x, x, x, x, x, x, x, x
ch132, 24, 24, 24, 24, 24, 24, 24, 24
ch134, 24, 24, 24, 24, 24, 24, 24, 24
ch136, 24, 24, 24, 24, 24, 24, 24, 24
ch138, 24, 24, 24, 24, 24, 24, 24, 24
ch140, 24, 24, 24, 24, 24, 24, 24, 24
ch142, 24, 24, 24, 24, 24, 24, 24, 24
ch144, 24, 24, 24, 24, 24, 24, 24, 24
ch149, 24, 24, 24, 24, 24, 24, 24, 24
ch151, 24, 24, 24, 24, 24, 24, 24, 24
ch153, 24, 24, 24, 24, 24, 24, 24, 24
ch155, 24, 24, 24, 24, 24, 24, 24, 24
ch157, 24, 24, 24, 24, 24, 24, 24, 24
ch159, 24, 24, 24, 24, 24, 24, 24, 24
ch161, 24, 24, 24, 24, 24, 24, 24, 24
ch165, 24, 24, 24, 24, 24, 24, 24, 24
</ht20>

<ht40, m0, m1, m2, m3, m4, m5, m6, m7> 
ch038, 17, 17, 17, 17, 17, 17, 17, 17, 17
ch042, 17, 17, 17, 17, 17, 17, 17, 17, 17
ch046, 18, 18, 18, 18, 18, 18, 18, 18, 18
ch054, 21, 21, 21, 21, 21, 21, 21, 21, 21
ch058, 22, 22, 22, 22, 22, 22, 22, 22, 22
ch062, 22, 22, 22, 22, 22, 22, 22, 22, 22
ch102, 24, 24, 24, 24, 24, 24, 24, 24, 24
ch106, 24, 24, 24, 24, 24, 24, 24, 24, 24
ch110, 24, 24, 24, 24, 24, 24, 24, 24, 24
ch118, x, x, x, x, x, x, x, x, x
ch122, x, x, x, x, x, x, x, x, x
ch126, x, x, x, x, x, x, x, x, x
ch134, 24, 24, 24, 24, 24, 24, 24, 24, 24
ch138, 24, 24, 24, 24, 24, 24, 24, 24, 24
ch142, 24, 24, 24, 24, 24, 24, 24, 24, 24
ch151, 24, 24, 24, 24, 24, 24, 24, 24, 24
ch155, 24, 24, 24, 24, 24, 24, 24, 24, 24
ch159, 24, 24, 24, 24, 24, 24, 24, 24, 24
</ht40>

<vht20, m0, m1, m2, m3, m4, m5, m6, m7, m8, m9>
ch036, 14, 14, 14, 14, 14, 14, 14, 14, 14, 14
ch038, 14, 14, 14, 14, 14, 14, 14, 14, 14, 14
ch040, 14, 14, 14, 14, 14, 14, 14, 14, 14, 14
ch042, 14, 14, 14, 14, 14, 14, 14, 14, 14, 14
ch044, 12, 12, 12, 12, 12, 12, 12, 12, 12, 12
ch046, 12, 12, 12, 12, 12, 12, 12, 12, 12, 12
ch048, 13, 13, 13, 13, 13, 13, 13, 13, 13, 13
ch052, 21, 21, 21, 21, 21, 21, 21, 21, 21, 21
ch054, 21, 21, 21, 21, 21, 21, 21, 21, 21, 21
ch056, 21, 21, 21, 21, 21, 21, 21, 21, 21, 21
ch058, 21, 21, 21, 21, 21, 21, 21, 21, 21, 21
ch060, 21, 21, 21, 21, 21, 21, 21, 21, 21, 21
ch062, 21, 21, 21, 21, 21, 21, 21, 21, 21, 21
ch064, 21, 21, 21, 21, 21, 21, 21, 21, 21, 21
ch100, 24, 24, 24, 24, 24, 24, 24, 24, 24, 24
ch102, 24, 24, 24, 24, 24, 24, 24, 24, 24, 24
ch104, 24, 24, 24, 24, 24, 24, 24, 24, 24, 24
ch106, 24, 24, 24, 24, 24, 24, 24, 24, 24, 24
ch108, 24, 24, 24, 24, 24, 24, 24, 24, 24, 24
ch110, 24, 24, 24, 24, 24, 24, 24, 24, 24, 24
ch112, 24, 24, 24, 24, 24, 24, 24, 24, 24, 24
ch116, 24, 24, 24, 24, 24, 24, 24, 24, 24, 24
ch118, x, x, x, x, x, x, x, x, x, x
ch120, x, x, x, x, x, x, x, x, x, x
ch122, x, x, x, x, x, x, x, x, x, x
ch124, x, x, x, x, x, x, x, x, x, x
ch126, x, x, x, x, x, x, x, x, x, x
ch128, x, x, x, x, x, x, x, x, x, x
ch132, 24, 24, 24, 24, 24, 24, 24, 24, 24, 24
ch134, 24, 24, 24, 24, 24, 24, 24, 24, 24, 24
ch136, 24, 24, 24, 24, 24, 24, 24, 24, 24, 24
ch138, 24, 24, 24, 24, 24, 24, 24, 24, 24, 24
ch140, 24, 24, 24, 24, 24, 24, 24, 24, 24, 24
ch142, 24, 24, 24, 24, 24, 24, 24, 24, 24, 24
ch144, 24, 24, 24, 24, 24, 24, 24, 24, 24, 24
ch149, 24, 24, 24, 24, 24, 24, 24, 24, 24, 24
ch151, 24, 24, 24, 24, 24, 24, 24, 24, 24, 24
ch153, 24, 24, 24, 24, 24, 24, 24, 24, 24, 24
ch155, 24, 24, 24, 24, 24, 24, 24, 24, 24, 24
ch157, 24, 24, 24, 24, 24, 24, 24, 24, 24, 24
ch159, 24, 24, 24, 24, 24, 24, 24, 24, 24, 24
ch161, 24, 24, 24, 24, 24, 24, 24, 24, 24, 24
ch165, 24, 24, 24, 24, 24, 24, 24, 24, 24, 24
</vht20>

<vht40, m0, m1, m2, m3, m4, m5, m6, m7, m8, m9>
ch038, 17, 17, 17, 17, 17, 17, 17, 17, 17, 17
ch042, 17, 17, 17, 17, 17, 17, 17, 17, 17, 17
ch046, 18, 18, 18, 18, 18, 18, 18, 18, 18, 18
ch054, 21, 21, 21, 21, 21, 21, 21, 21, 21, 21
ch058, 22, 22, 22, 22, 22, 22, 22, 22, 22, 22
ch062, 22, 22, 22, 22, 22, 22, 22, 22, 22, 22
ch102, 24, 24, 24, 24, 24, 24, 24, 24, 24, 24
ch106, 24, 24, 24, 24, 24, 24, 24, 24, 24, 24
ch110, 24, 24, 24, 24, 24, 24, 24, 24, 24, 24
ch118, x, x, x, x, x, x, x, x, x, x
ch122, x, x, x, x, x, x, x, x, x, x
ch126, x, x, x, x, x, x, x, x, x, x
ch134, 24, 24, 24, 24, 24, 24, 24, 24, 24, 24
ch138, 24, 24, 24, 24, 24, 24, 24, 24, 24, 24
ch142, 24, 24, 24, 24, 24, 24, 24, 24, 24, 24
ch151, 24, 24, 24, 24, 24, 24, 24, 24, 24, 24
ch155, 24, 24, 24, 24, 24, 24, 24, 24, 24, 24
ch159, 24, 24, 24, 24, 24, 24, 24, 24, 24, 24
</vht40>

<vht80, m0, m1, m2, m3, m4, m5, m6, m7, m8, m9> 
ch042, 20, 20, 20, 20, 20, 20, 20, 20, 20, 20
ch058, 18, 18, 18, 18, 18, 18, 18, 18, 18, 18
ch106, 24, 24, 24, 24, 24, 24, 24, 24, 24, 24
ch122, x, x, x, x, x, x, x, x, x, x
ch138, 24, 24, 24, 24, 24, 24, 24, 24, 24, 24
ch155, 24, 24, 24, 24, 24, 24, 24, 24, 24, 24
</vht80>

<ru26, m0, m1, m2, m3, m4, m5, m6, m7, m8, m9, m10, m11>
ch001, 9, 9, 9, 9, 9, 9, 9, 9, 9, 9, 9, 9
ch002, 9, 9, 9, 9, 9, 9, 9, 9, 9, 9, 9, 9
ch003, 8, 8, 8, 8, 8, 8, 8, 8, 8, 8, 8, 8
ch004, 8, 8, 8, 8, 8, 8, 8, 8, 8, 8, 8, 8
ch005, 8, 8, 8, 8, 8, 8, 8, 8, 8, 8, 8, 8
ch006, 8, 8, 8, 8, 8, 8, 8, 8, 8, 8, 8, 8
ch007, 8, 8, 8, 8, 8, 8, 8, 8, 8, 8, 8, 8
ch008, 8, 8, 8, 8, 8, 8, 8, 8, 8, 8, 8, 8
ch009, 8, 8, 8, 8, 8, 8, 8, 8, 8, 8, 8, 8
ch010, 9, 9, 9, 9, 9, 9, 9, 9, 9, 9, 9, 9
ch011, 9, 9, 9, 9, 9, 9, 9, 9, 9, 9, 9, 9
ch012, 4, 4, 4, 4, 4, 4, 4, 4, 4, 4, 4, 4
ch013, -13, -13, -13, -13, -13, -13, -13, -13, -13, -13, -13, -13
ch014, x, x, x, x, x, x, x, x, x, x, x, x
ch036, -5, -5, -5, -5, -5, -5, -5, -5, -5, -5, -5, -5
ch038, -5, -5, -5, -5, -5, -5, -5, -5, -5, -5, -5, -5
ch040, -5, -5, -5, -5, -5, -5, -5, -5, -5, -5, -5, -5
ch042, -5, -5, -5, -5, -5, -5, -5, -5, -5, -5, -5, -5
ch044, -3, -3, -3, -3, -3, -3, -3, -3, -3, -3, -3, -3
ch046, -3, -3, -3, -3, -3, -3, -3, -3, -3, -3, -3, -3
ch048, -6, -6, -6, -6, -6, -6, -6, -6, -6, -6, -6, -6
ch052, 7, 7, 7, 7, 7, 7, 7, 7, 7, 7, 7, 7
ch054, 7, 7, 7, 7, 7, 7, 7, 7, 7, 7, 7, 7
ch056, 7, 7, 7, 7, 7, 7, 7, 7, 7, 7, 7, 7
ch058, 7, 7, 7, 7, 7, 7, 7, 7, 7, 7, 7, 7
ch060, 9, 9, 9, 9, 9, 9, 9, 9, 9, 9, 9, 9
ch062, 9, 9, 9, 9, 9, 9, 9, 9, 9, 9, 9, 9
ch064, 6, 6, 6, 6, 6, 6, 6, 6, 6, 6, 6, 6
ch100, 8, 8, 8, 8, 8, 8, 8, 8, 8, 8, 8, 8
ch102, 8, 8, 8, 8, 8, 8, 8, 8, 8, 8, 8, 8
ch104, 8, 8, 8, 8, 8, 8, 8, 8, 8, 8, 8, 8
ch106, 8, 8, 8, 8, 8, 8, 8, 8, 8, 8, 8, 8
ch108, 8, 8, 8, 8, 8, 8, 8, 8, 8, 8, 8, 8
ch110, 8, 8, 8, 8, 8, 8, 8, 8, 8, 8, 8, 8
ch112, 8, 8, 8, 8, 8, 8, 8, 8, 8, 8, 8, 8
ch116, 9, 9, 9, 9, 9, 9, 9, 9, 9, 9, 9, 9
ch118, x, x, x, x, x, x, x, x, x, x, x, x
ch120, x, x, x, x, x, x, x, x, x, x, x, x
ch122, x, x, x, x, x, x, x, x, x, x, x, x
ch124, x, x, x, x, x, x, x, x, x, x, x, x
ch126, x, x, x, x, x, x, x, x, x, x, x, x
ch128, x, x, x, x, x, x, x, x, x, x, x, x
ch132, 8, 8, 8, 8, 8, 8, 8, 8, 8, 8, 8, 8
ch134, 8, 8, 8, 8, 8, 8, 8, 8, 8, 8, 8, 8
ch136, 8, 8, 8, 8, 8, 8, 8, 8, 8, 8, 8, 8
ch138, 8, 8, 8, 8, 8, 8, 8, 8, 8, 8, 8, 8
ch140, 8, 8, 8, 8, 8, 8, 8, 8, 8, 8, 8, 8
ch142, 6, 6, 6, 6, 6, 6, 6, 6, 6, 6, 6, 6
ch144, 6, 6, 6, 6, 6, 6, 6, 6, 6, 6, 6, 6
ch149, 14, 14, 14, 14, 14, 14, 14, 14, 14, 14, 14, 14
ch151, 14, 14, 14, 14, 14, 14, 14, 14, 14, 14, 14, 14
ch153, 14, 14, 14, 14, 14, 14, 14, 14, 14, 14, 14, 14
ch155, 12, 12, 12, 12, 12, 12, 12, 12, 12, 12, 12, 12
ch157, 12, 12, 12, 12, 12, 12, 12, 12, 12, 12, 12, 12
ch159, 11, 11, 11, 11, 11, 11, 11, 11, 11, 11, 11, 11
ch161, 11, 11, 11, 11, 11, 11, 11, 11, 11, 11, 11, 11
ch165, 11, 11, 11, 11, 11, 11, 11, 11, 11, 11, 11, 11
</ru26>

<ru52, m0, m1, m2, m3, m4, m5, m6, m7, m8, m9, m10, m11>
ch001, 14, 14, 14, 14, 14, 14, 14, 14, 14, 14, 14, 14
ch002, 14, 14, 14, 14, 14, 14, 14, 14, 14, 14, 14, 14
ch003, 13, 13, 13, 13, 13, 13, 13, 13, 13, 13, 13, 13
ch004, 13, 13, 13, 13, 13, 13, 13, 13, 13, 13, 13, 13
ch005, 13, 13, 13, 13, 13, 13, 13, 13, 13, 13, 13, 13
ch006, 13, 13, 13, 13, 13, 13, 13, 13, 13, 13, 13, 13
ch007, 13, 13, 13, 13, 13, 13, 13, 13, 13, 13, 13, 13
ch008, 13, 13, 13, 13, 13, 13, 13, 13, 13, 13, 13, 13
ch009, 13, 13, 13, 13, 13, 13, 13, 13, 13, 13, 13, 13
ch010, 13, 13, 13, 13, 13, 13, 13, 13, 13, 13, 13, 13
ch011, 13, 13, 13, 13, 13, 13, 13, 13, 13, 13, 13, 13
ch012, 8, 8, 8, 8, 8, 8, 8, 8, 8, 8, 8, 8
ch013, -15, -15, -15, -15, -15, -15, -15, -15, -15, -15, -15, -15
ch014, x, x, x, x, x, x, x, x, x, x, x, x
ch036, 2, 2, 2, 2, 2, 2, 2, 2, 2, 2, 2, 2
ch038, 2, 2, 2, 2, 2, 2, 2, 2, 2, 2, 2, 2
ch040, 2, 2, 2, 2, 2, 2, 2, 2, 2, 2, 2, 2
ch042, 2, 2, 2, 2, 2, 2, 2, 2, 2, 2, 2, 2
ch044, 1, 1, 1, 1, 1, 1, 1, 1, 1, 1, 1, 1
ch046, 1, 1, 1, 1, 1, 1, 1, 1, 1, 1, 1, 1
ch048, 1, 1, 1, 1, 1, 1, 1, 1, 1, 1, 1, 1
ch052, 13, 13, 13, 13, 13, 13, 13, 13, 13, 13, 13, 13
ch054, 13, 13, 13, 13, 13, 13, 13, 13, 13, 13, 13, 13
ch056, 13, 13, 13, 13, 13, 13, 13, 13, 13, 13, 13, 13
ch058, 13, 13, 13, 13, 13, 13, 13, 13, 13, 13, 13, 13
ch060, 11, 11, 11, 11, 11, 11, 11, 11, 11, 11, 11, 11
ch062, 11, 11, 11, 11, 11, 11, 11, 11, 11, 11, 11, 11
ch064, 12, 12, 12, 12, 12, 12, 12, 12, 12, 12, 12, 12
ch100, 14, 14, 14, 14, 14, 14, 14, 14, 14, 14, 14, 14
ch102, 14, 14, 14, 14, 14, 14, 14, 14, 14, 14, 14, 14
ch104, 14, 14, 14, 14, 14, 14, 14, 14, 14, 14, 14, 14
ch106, 14, 14, 14, 14, 14, 14, 14, 14, 14, 14, 14, 14
ch108, 14, 14, 14, 14, 14, 14, 14, 14, 14, 14, 14, 14
ch110, 14, 14, 14, 14, 14, 14, 14, 14, 14, 14, 14, 14
ch112, 14, 14, 14, 14, 14, 14, 14, 14, 14, 14, 14, 14
ch116, 14, 14, 14, 14, 14, 14, 14, 14, 14, 14, 14, 14
ch118, x, x, x, x, x, x, x, x, x, x, x, x
ch120, x, x, x, x, x, x, x, x, x, x, x, x
ch122, x, x, x, x, x, x, x, x, x, x, x, x
ch124, x, x, x, x, x, x, x, x, x, x, x, x
ch126, x, x, x, x, x, x, x, x, x, x, x, x
ch128, x, x, x, x, x, x, x, x, x, x, x, x
ch132, 14, 14, 14, 14, 14, 14, 14, 14, 14, 14, 14, 14
ch134, 14, 14, 14, 14, 14, 14, 14, 14, 14, 14, 14, 14
ch136, 14, 14, 14, 14, 14, 14, 14, 14, 14, 14, 14, 14
ch138, 14, 14, 14, 14, 14, 14, 14, 14, 14, 14, 14, 14
ch140, 14, 14, 14, 14, 14, 14, 14, 14, 14, 14, 14, 14
ch142, 13, 13, 13, 13, 13, 13, 13, 13, 13, 13, 13, 13
ch144, 13, 13, 13, 13, 13, 13, 13, 13, 13, 13, 13, 13
ch149, 20, 20, 20, 20, 20, 20, 20, 20, 20, 20, 20, 20
ch151, 20, 20, 20, 20, 20, 20, 20, 20, 20, 20, 20, 20
ch153, 20, 20, 20, 20, 20, 20, 20, 20, 20, 20, 20, 20
ch155, 18, 18, 18, 18, 18, 18, 18, 18, 18, 18, 18, 18
ch157, 18, 18, 18, 18, 18, 18, 18, 18, 18, 18, 18, 18
ch159, 17, 17, 17, 17, 17, 17, 17, 17, 17, 17, 17, 17
ch161, 17, 17, 17, 17, 17, 17, 17, 17, 17, 17, 17, 17
ch165, 17, 17, 17, 17, 17, 17, 17, 17, 17, 17, 17, 17
</ru52>

<ru106, m0, m1, m2, m3, m4, m5, m6, m7, m8, m9, m10, m11>
ch001, 20, 20, 20, 20, 20, 20, 20, 20, 20, 20, 20, 20
ch002, 20, 20, 20, 20, 20, 20, 20, 20, 20, 20, 20, 20
ch003, 18, 18, 18, 18, 18, 18, 18, 18, 18, 18, 18, 18
ch004, 18, 18, 18, 18, 18, 18, 18, 18, 18, 18, 18, 18
ch005, 18, 18, 18, 18, 18, 18, 18, 18, 18, 18, 18, 18
ch006, 18, 18, 18, 18, 18, 18, 18, 18, 18, 18, 18, 18
ch007, 18, 18, 18, 18, 18, 18, 18, 18, 18, 18, 18, 18
ch008, 18, 18, 18, 18, 18, 18, 18, 18, 18, 18, 18, 18
ch009, 18, 18, 18, 18, 18, 18, 18, 18, 18, 18, 18, 18
ch010, 19, 19, 19, 19, 19, 19, 19, 19, 19, 19, 19, 19
ch011, 19, 19, 19, 19, 19, 19, 19, 19, 19, 19, 19, 19
ch012, 14, 14, 14, 14, 14, 14, 14, 14, 14, 14, 14, 14
ch013, -11, -11, -11, -11, -11, -11, -11, -11, -11, -11, -11, -11
ch014, x, x, x, x, x, x, x, x, x, x, x, x
ch036, 8, 8, 8, 8, 8, 8, 8, 8, 8, 8, 8, 8
ch038, 8, 8, 8, 8, 8, 8, 8, 8, 8, 8, 8, 8
ch040, 8, 8, 8, 8, 8, 8, 8, 8, 8, 8, 8, 8
ch042, 8, 8, 8, 8, 8, 8, 8, 8, 8, 8, 8, 8
ch044, 7, 7, 7, 7, 7, 7, 7, 7, 7, 7, 7, 7
ch046, 7, 7, 7, 7, 7, 7, 7, 7, 7, 7, 7, 7
ch048, 7, 7, 7, 7, 7, 7, 7, 7, 7, 7, 7, 7
ch052, 18, 18, 18, 18, 18, 18, 18, 18, 18, 18, 18, 18
ch054, 18, 18, 18, 18, 18, 18, 18, 18, 18, 18, 18, 18
ch056, 18, 18, 18, 18, 18, 18, 18, 18, 18, 18, 18, 18
ch058, 18, 18, 18, 18, 18, 18, 18, 18, 18, 18, 18, 18
ch060, 18, 18, 18, 18, 18, 18, 18, 18, 18, 18, 18, 18
ch062, 18, 18, 18, 18, 18, 18, 18, 18, 18, 18, 18, 18
ch064, 18, 18, 18, 18, 18, 18, 18, 18, 18, 18, 18, 18
ch100, 19, 19, 19, 19, 19, 19, 19, 19, 19, 19, 19, 19
ch102, 19, 19, 19, 19, 19, 19, 19, 19, 19, 19, 19, 19
ch104, 19, 19, 19, 19, 19, 19, 19, 19, 19, 19, 19, 19
ch106, 19, 19, 19, 19, 19, 19, 19, 19, 19, 19, 19, 19
ch108, 19, 19, 19, 19, 19, 19, 19, 19, 19, 19, 19, 19
ch110, 19, 19, 19, 19, 19, 19, 19, 19, 19, 19, 19, 19
ch112, 19, 19, 19, 19, 19, 19, 19, 19, 19, 19, 19, 19
ch116, 20, 20, 20, 20, 20, 20, 20, 20, 20, 20, 20, 20
ch118, x, x, x, x, x, x, x, x, x, x, x, x
ch120, x, x, x, x, x, x, x, x, x, x, x, x
ch122, x, x, x, x, x, x, x, x, x, x, x, x
ch124, x, x, x, x, x, x, x, x, x, x, x, x
ch126, x, x, x, x, x, x, x, x, x, x, x, x
ch128, x, x, x, x, x, x, x, x, x, x, x, x
ch132, 19, 19, 19, 19, 19, 19, 19, 19, 19, 19, 19, 19
ch134, 19, 19, 19, 19, 19, 19, 19, 19, 19, 19, 19, 19
ch136, 19, 19, 19, 19, 19, 19, 19, 19, 19, 19, 19, 19
ch138, 19, 19, 19, 19, 19, 19, 19, 19, 19, 19, 19, 19
ch140, 19, 19, 19, 19, 19, 19, 19, 19, 19, 19, 19, 19
ch142, 18, 18, 18, 18, 18, 18, 18, 18, 18, 18, 18, 18
ch144, 18, 18, 18, 18, 18, 18, 18, 18, 18, 18, 18, 18
ch149, 24, 24, 24, 24, 24, 24, 24, 24, 24, 24, 24, 24
ch151, 24, 24, 24, 24, 24, 24, 24, 24, 24, 24, 24, 24
ch153, 24, 24, 24, 24, 24, 24, 24, 24, 24, 24, 24, 24
ch155, 24, 24, 24, 24, 24, 24, 24, 24, 24, 24, 24, 24
ch157, 24, 24, 24, 24, 24, 24, 24, 24, 24, 24, 24, 24
ch159, 23, 23, 23, 23, 23, 23, 23, 23, 23, 23, 23, 23
ch161, 23, 23, 23, 23, 23, 23, 23, 23, 23, 23, 23, 23
ch165, 23, 23, 23, 23, 23, 23, 23, 23, 23, 23, 23, 23
</ru106>

<ru242, m0, m1, m2, m3, m4, m5, m6, m7, m8, m9, m10, m11>
ch001, 24, 24, 24, 24, 24, 24, 24, 24, 24, 24, 24, 24
ch002, 24, 24, 24, 24, 24, 24, 24, 24, 24, 24, 24, 24
ch003, 24, 24, 24, 24, 24, 24, 24, 24, 24, 24, 24, 24
ch004, 24, 24, 24, 24, 24, 24, 24, 24, 24, 24, 24, 24
ch005, 24, 24, 24, 24, 24, 24, 24, 24, 24, 24, 24, 24
ch006, 24, 24, 24, 24, 24, 24, 24, 24, 24, 24, 24, 24
ch007, 24, 24, 24, 24, 24, 24, 24, 24, 24, 24, 24, 24
ch008, 24, 24, 24, 24, 24, 24, 24, 24, 24, 24, 24, 24
ch009, 24, 24, 24, 24, 24, 24, 24, 24, 24, 24, 24, 24
ch010, 24, 24, 24, 24, 24, 24, 24, 24, 24, 24, 24, 24
ch011, 24, 24, 24, 24, 24, 24, 24, 24, 24, 24, 24, 24
ch012, 20, 20, 20, 20, 20, 20, 20, 20, 20, 20, 20, 20
ch013, 12, 12, 12, 12, 12, 12, 12, 12, 12, 12, 12, 12
ch014, x, x, x, x, x, x, x, x, x, x, x, x
ch036, 13, 13, 13, 13, 13, 13, 13, 13, 13, 13, 13, 13
ch038, 13, 13, 13, 13, 13, 13, 13, 13, 13, 13, 13, 13
ch040, 13, 13, 13, 13, 13, 13, 13, 13, 13, 13, 13, 13
ch042, 13, 13, 13, 13, 13, 13, 13, 13, 13, 13, 13, 13
ch044, 11, 11, 11, 11, 11, 11, 11, 11, 11, 11, 11, 11
ch046, 14, 14, 14, 14, 14, 14, 14, 14, 14, 14, 14, 14
ch048, 12, 12, 12, 12, 12, 12, 12, 12, 12, 12, 12, 12
ch052, 21, 21, 21, 21, 21, 21, 21, 21, 21, 21, 21, 21
ch054, 21, 21, 21, 21, 21, 21, 21, 21, 21, 21, 21, 21
ch056, 21, 21, 21, 21, 21, 21, 21, 21, 21, 21, 21, 21
ch058, 20, 20, 20, 20, 20, 20, 20, 20, 20, 20, 20, 20
ch060, 21, 21, 21, 21, 21, 21, 21, 21, 21, 21, 21, 21
ch062, 20, 20, 20, 20, 20, 20, 20, 20, 20, 20, 20, 20
ch064, 21, 21, 21, 21, 21, 21, 21, 21, 21, 21, 21, 21
ch100, 24, 24, 24, 24, 24, 24, 24, 24, 24, 24, 24, 24
ch102, 23, 23, 23, 23, 23, 23, 23, 23, 23, 23, 23, 23
ch104, 24, 24, 24, 24, 24, 24, 24, 24, 24, 24, 24, 24
ch106, 23, 23, 23, 23, 23, 23, 23, 23, 23, 23, 23, 23
ch108, 24, 24, 24, 24, 24, 24, 24, 24, 24, 24, 24, 24
ch110, 24, 24, 24, 24, 24, 24, 24, 24, 24, 24, 24, 24
ch112, 24, 24, 24, 24, 24, 24, 24, 24, 24, 24, 24, 24
ch116, 24, 24, 24, 24, 24, 24, 24, 24, 24, 24, 24, 24
ch118, x, x, x, x, x, x, x, x, x, x, x, x
ch120, x, x, x, x, x, x, x, x, x, x, x, x
ch122, x, x, x, x, x, x, x, x, x, x, x, x
ch124, x, x, x, x, x, x, x, x, x, x, x, x
ch126, x, x, x, x, x, x, x, x, x, x, x, x
ch128, x, x, x, x, x, x, x, x, x, x, x, x
ch132, 24, 24, 24, 24, 24, 24, 24, 24, 24, 24, 24, 24
ch134, 23, 23, 23, 23, 23, 23, 23, 23, 23, 23, 23, 23
ch136, 24, 24, 24, 24, 24, 24, 24, 24, 24, 24, 24, 24
ch138, 23, 23, 23, 23, 23, 23, 23, 23, 23, 23, 23, 23
ch140, 24, 24, 24, 24, 24, 24, 24, 24, 24, 24, 24, 24
ch142, 23, 23, 23, 23, 23, 23, 23, 23, 23, 23, 23, 23
ch144, 24, 24, 24, 24, 24, 24, 24, 24, 24, 24, 24, 24
ch149, 24, 24, 24, 24, 24, 24, 24, 24, 24, 24, 24, 24
ch151, 21, 21, 21, 21, 21, 21, 21, 21, 21, 21, 21, 21
ch153, 24, 24, 24, 24, 24, 24, 24, 24, 24, 24, 24, 24
ch155, 23, 23, 23, 23, 23, 23, 23, 23, 23, 23, 23, 23
ch157, 24, 24, 24, 24, 24, 24, 24, 24, 24, 24, 24, 24
ch159, 23, 23, 23, 23, 23, 23, 23, 23, 23, 23, 23, 23
ch161, 24, 24, 24, 24, 24, 24, 24, 24, 24, 24, 24, 24
ch165, 24, 24, 24, 24, 24, 24, 24, 24, 24, 24, 24, 24
</ru242>

<ru484, m0, m1, m2, m3, m4, m5, m6, m7, m8, m9, m10, m11>
ch038, 16, 16, 16, 16, 16, 16, 16, 16, 16, 16, 16, 16
ch042, 17, 17, 17, 17, 17, 17, 17, 17, 17, 17, 17, 17
ch046, 17, 17, 17, 17, 17, 17, 17, 17, 17, 17, 17, 17
ch054, 21, 21, 21, 21, 21, 21, 21, 21, 21, 21, 21, 21
ch058, 13, 13, 13, 13, 13, 13, 13, 13, 13, 13, 13, 13
ch062, 21, 21, 21, 21, 21, 21, 21, 21, 21, 21, 21, 21
ch102, 24, 24, 24, 24, 24, 24, 24, 24, 24, 24, 24, 24
ch106, 21, 21, 21, 21, 21, 21, 21, 21, 21, 21, 21, 21
ch110, 24, 24, 24, 24, 24, 24, 24, 24, 24, 24, 24, 24
ch118, x, x, x, x, x, x, x, x, x, x, x, x
ch122, x, x, x, x, x, x, x, x, x, x, x, x
ch126, x, x, x, x, x, x, x, x, x, x, x, x
ch134, 24, 24, 24, 24, 24, 24, 24, 24, 24, 24, 24, 24
ch138, 24, 24, 24, 24, 24, 24, 24, 24, 24, 24, 24, 24
ch142, 24, 24, 24, 24, 24, 24, 24, 24, 24, 24, 24, 24
ch151, 24, 24, 24, 24, 24, 24, 24, 24, 24, 24, 24, 24
ch155, 22, 22, 22, 22, 22, 22, 22, 22, 22, 22, 22, 22
ch159, 24, 24, 24, 24, 24, 24, 24, 24, 24, 24, 24, 24
</ru484>

<ru996, m0, m1, m2, m3, m4, m5, m6, m7, m8, m9, m10, m11> 
ch042, 20, 20, 20, 20, 20, 20, 20, 20, 20, 20, 20, 20
ch058, 17, 17, 17, 17, 17, 17, 17, 17, 17, 17, 17, 17
ch106, 23, 23, 23, 23, 23, 23, 23, 23, 23, 23, 23, 23
ch122, x, x, x, x, x, x, x, x, x, x, x, x
ch138, 24, 24, 24, 24, 24, 24, 24, 24, 24, 24, 24, 24
ch155, 24, 24, 24, 24, 24, 24, 24, 24, 24, 24, 24, 24
</ru996>

[GB]
<cck,  c1, c2, c5, c11>
ch001, 17, 17, 17, 17
ch002, 17, 17, 17, 17
ch003, 18, 18, 18, 18
ch004, 18, 18, 18, 18
ch005, 18, 18, 18, 18
ch006, 18, 18, 18, 18
ch007, 18, 18, 18, 18
ch008, 18, 18, 18, 18
ch009, 18, 18, 18, 18
ch010, 18, 18, 18, 18
ch011, 18, 18, 18, 18
ch012, 18, 18, 18, 18
ch013, 18, 18, 18, 18
ch014, x, x, x, x
</cck>

<ofdm, o6, o9, o12, o18, o24, o36, o48, o54>
ch001, 21, 21, 21, 21, 21, 21, 21, 21
ch002, 21, 21, 21, 21, 21, 21, 21, 21
ch003, 21, 21, 21, 21, 21, 21, 21, 21
ch004, 21, 21, 21, 21, 21, 21, 21, 21
ch005, 21, 21, 21, 21, 21, 21, 21, 21
ch006, 21, 21, 21, 21, 21, 21, 21, 21
ch007, 21, 21, 21, 21, 21, 21, 21, 21
ch008, 21, 21, 21, 21, 21, 21, 21, 21
ch009, 21, 21, 21, 21, 21, 21, 21, 21
ch010, 21, 21, 21, 21, 21, 21, 21, 21
ch011, 21, 21, 21, 21, 21, 21, 21, 21
ch012, 21, 21, 21, 21, 21, 21, 21, 21
ch013, 21, 21, 21, 21, 21, 21, 21, 21
ch014, x, x, x, x, x, x, x, x
ch036, 20, 20, 20, 20, 20, 20, 20, 20
ch038, 20, 20, 20, 20, 20, 20, 20, 20
ch040, 20, 20, 20, 20, 20, 20, 20, 20
ch042, 20, 20, 20, 20, 20, 20, 20, 20
ch044, 20, 20, 20, 20, 20, 20, 20, 20
ch046, 20, 20, 20, 20, 20, 20, 20, 20
ch048, 20, 20, 20, 20, 20, 20, 20, 20
ch052, 14, 14, 14, 14, 14, 14, 14, 14
ch054, 14, 14, 14, 14, 14, 14, 14, 14
ch056, 14, 14, 14, 14, 14, 14, 14, 14
ch058, 14, 14, 14, 14, 14, 14, 14, 14
ch060, 14, 14, 14, 14, 14, 14, 14, 14
ch062, 14, 14, 14, 14, 14, 14, 14, 14
ch064, 14, 14, 14, 14, 14, 14, 14, 14
ch100, 13, 13, 13, 13, 13, 13, 13, 13
ch102, 13, 13, 13, 13, 13, 13, 13, 13
ch104, 13, 13, 13, 13, 13, 13, 13, 13
ch106, 13, 13, 13, 13, 13, 13, 13, 13
ch108, 13, 13, 13, 13, 13, 13, 13, 13
ch110, 13, 13, 13, 13, 13, 13, 13, 13
ch112, 13, 13, 13, 13, 13, 13, 13, 13
ch116, 13, 13, 13, 13, 13, 13, 13, 13
ch118, 13, 13, 13, 13, 13, 13, 13, 13
ch120, 13, 13, 13, 13, 13, 13, 13, 13
ch122, 13, 13, 13, 13, 13, 13, 13, 13
ch124, 13, 13, 13, 13, 13, 13, 13, 13
ch126, 13, 13, 13, 13, 13, 13, 13, 13
ch128, 13, 13, 13, 13, 13, 13, 13, 13
ch132, 13, 13, 13, 13, 13, 13, 13, 13
ch134, 13, 13, 13, 13, 13, 13, 13, 13
ch136, 13, 13, 13, 13, 13, 13, 13, 13
ch138, 13, 13, 13, 13, 13, 13, 13, 13
ch140, 13, 13, 13, 13, 13, 13, 13, 13
ch142, 13, 13, 13, 13, 13, 13, 13, 13
ch144, 13, 13, 13, 13, 13, 13, 13, 13
ch149, 18, 18, 18, 18, 18, 18, 18, 18
ch151, 18, 18, 18, 18, 18, 18, 18, 18
ch153, 18, 18, 18, 18, 18, 18, 18, 18
ch155, 18, 18, 18, 18, 18, 18, 18, 18
ch157, 18, 18, 18, 18, 18, 18, 18, 18
ch159, 18, 18, 18, 18, 18, 18, 18, 18
ch161, 18, 18, 18, 18, 18, 18, 18, 18
ch165, 18, 18, 18, 18, 18, 18, 18, 18
</ofdm>

<ht20, m0, m1, m2, m3, m4, m5, m6, m7>
ch001, 22, 22, 22, 22, 22, 22, 22, 22
ch002, 22, 22, 22, 22, 22, 22, 22, 22
ch003, 22, 22, 22, 22, 22, 22, 22, 22
ch004, 22, 22, 22, 22, 22, 22, 22, 22
ch005, 22, 22, 22, 22, 22, 22, 22, 22
ch006, 22, 22, 22, 22, 22, 22, 22, 22
ch007, 22, 22, 22, 22, 22, 22, 22, 22
ch008, 22, 22, 22, 22, 22, 22, 22, 22
ch009, 22, 22, 22, 22, 22, 22, 22, 22
ch010, 22, 22, 22, 22, 22, 22, 22, 22
ch011, 22, 22, 22, 22, 22, 22, 22, 22
ch012, 22, 22, 22, 22, 22, 22, 22, 22
ch013, 22, 22, 22, 22, 22, 22, 22, 22
ch014, x, x, x, x, x, x, x, x
ch036, 22, 22, 22, 22, 22, 22, 22, 22
ch038, 22, 22, 22, 22, 22, 22, 22, 22
ch040, 22, 22, 22, 22, 22, 22, 22, 22
ch042, 22, 22, 22, 22, 22, 22, 22, 22
ch044, 22, 22, 22, 22, 22, 22, 22, 22
ch046, 22, 22, 22, 22, 22, 22, 22, 22
ch048, 22, 22, 22, 22, 22, 22, 22, 22
ch052, 16, 16, 16, 16, 16, 16, 16, 16
ch054, 16, 16, 16, 16, 16, 16, 16, 16
ch056, 16, 16, 16, 16, 16, 16, 16, 16
ch058, 16, 16, 16, 16, 16, 16, 16, 16
ch060, 16, 16, 16, 16, 16, 16, 16, 16
ch062, 16, 16, 16, 16, 16, 16, 16, 16
ch064, 16, 16, 16, 16, 16, 16, 16, 16
ch100, 15, 15, 15, 15, 15, 15, 15, 15
ch102, 15, 15, 15, 15, 15, 15, 15, 15
ch104, 15, 15, 15, 15, 15, 15, 15, 15
ch106, 15, 15, 15, 15, 15, 15, 15, 15
ch108, 15, 15, 15, 15, 15, 15, 15, 15
ch110, 15, 15, 15, 15, 15, 15, 15, 15
ch112, 15, 15, 15, 15, 15, 15, 15, 15
ch116, 15, 15, 15, 15, 15, 15, 15, 15
ch118, 15, 15, 15, 15, 15, 15, 15, 15
ch120, 15, 15, 15, 15, 15, 15, 15, 15
ch122, 15, 15, 15, 15, 15, 15, 15, 15
ch124, 15, 15, 15, 15, 15, 15, 15, 15
ch126, 15, 15, 15, 15, 15, 15, 15, 15
ch128, 15, 15, 15, 15, 15, 15, 15, 15
ch132, 15, 15, 15, 15, 15, 15, 15, 15
ch134, 15, 15, 15, 15, 15, 15, 15, 15
ch136, 15, 15, 15, 15, 15, 15, 15, 15
ch138, 15, 15, 15, 15, 15, 15, 15, 15
ch140, 15, 15, 15, 15, 15, 15, 15, 15
ch142, 15, 15, 15, 15, 15, 15, 15, 15
ch144, 15, 15, 15, 15, 15, 15, 15, 15
ch149, 20, 20, 20, 20, 20, 20, 20, 20
ch151, 20, 20, 20, 20, 20, 20, 20, 20
ch153, 20, 20, 20, 20, 20, 20, 20, 20
ch155, 20, 20, 20, 20, 20, 20, 20, 20
ch157, 20, 20, 20, 20, 20, 20, 20, 20
ch159, 20, 20, 20, 20, 20, 20, 20, 20
ch161, 20, 20, 20, 20, 20, 20, 20, 20
ch165, 20, 20, 20, 20, 20, 20, 20, 20
</ht20>

<ht40, m0, m1, m2, m3, m4, m5, m6, m7> 
ch038, 24, 24, 24, 24, 24, 24, 24, 24, 24
ch042, 24, 24, 24, 24, 24, 24, 24, 24, 24
ch046, 24, 24, 24, 24, 24, 24, 24, 24, 24
ch054, 18, 18, 18, 18, 18, 18, 18, 18, 18
ch058, 18, 18, 18, 18, 18, 18, 18, 18, 18
ch062, 18, 18, 18, 18, 18, 18, 18, 18, 18
ch102, 18, 18, 18, 18, 18, 18, 18, 18, 18
ch106, 18, 18, 18, 18, 18, 18, 18, 18, 18
ch110, 18, 18, 18, 18, 18, 18, 18, 18, 18
ch118, 18, 18, 18, 18, 18, 18, 18, 18, 18
ch122, 18, 18, 18, 18, 18, 18, 18, 18, 18
ch126, 18, 18, 18, 18, 18, 18, 18, 18, 18
ch134, 18, 18, 18, 18, 18, 18, 18, 18, 18
ch138, 18, 18, 18, 18, 18, 18, 18, 18, 18
ch142, 18, 18, 18, 18, 18, 18, 18, 18, 18
ch151, 21, 21, 21, 21, 21, 21, 21, 21, 21
ch155, 21, 21, 21, 21, 21, 21, 21, 21, 21
ch159, 21, 21, 21, 21, 21, 21, 21, 21, 21
</ht40>

<vht20, m0, m1, m2, m3, m4, m5, m6, m7, m8, m9>
ch036, 22, 22, 22, 22, 22, 22, 22, 22, 22, 22
ch038, 22, 22, 22, 22, 22, 22, 22, 22, 22, 22
ch040, 22, 22, 22, 22, 22, 22, 22, 22, 22, 22
ch042, 22, 22, 22, 22, 22, 22, 22, 22, 22, 22
ch044, 22, 22, 22, 22, 22, 22, 22, 22, 22, 22
ch046, 22, 22, 22, 22, 22, 22, 22, 22, 22, 22
ch048, 22, 22, 22, 22, 22, 22, 22, 22, 22, 22
ch052, 16, 16, 16, 16, 16, 16, 16, 16, 16, 16
ch054, 16, 16, 16, 16, 16, 16, 16, 16, 16, 16
ch056, 16, 16, 16, 16, 16, 16, 16, 16, 16, 16
ch058, 16, 16, 16, 16, 16, 16, 16, 16, 16, 16
ch060, 16, 16, 16, 16, 16, 16, 16, 16, 16, 16
ch062, 16, 16, 16, 16, 16, 16, 16, 16, 16, 16
ch064, 16, 16, 16, 16, 16, 16, 16, 16, 16, 16
ch100, 15, 15, 15, 15, 15, 15, 15, 15, 15, 15
ch102, 15, 15, 15, 15, 15, 15, 15, 15, 15, 15
ch104, 15, 15, 15, 15, 15, 15, 15, 15, 15, 15
ch106, 15, 15, 15, 15, 15, 15, 15, 15, 15, 15
ch108, 15, 15, 15, 15, 15, 15, 15, 15, 15, 15
ch110, 15, 15, 15, 15, 15, 15, 15, 15, 15, 15
ch112, 15, 15, 15, 15, 15, 15, 15, 15, 15, 15
ch116, 15, 15, 15, 15, 15, 15, 15, 15, 15, 15
ch118, 15, 15, 15, 15, 15, 15, 15, 15, 15, 15
ch120, 15, 15, 15, 15, 15, 15, 15, 15, 15, 15
ch122, 15, 15, 15, 15, 15, 15, 15, 15, 15, 15
ch124, 15, 15, 15, 15, 15, 15, 15, 15, 15, 15
ch126, 15, 15, 15, 15, 15, 15, 15, 15, 15, 15
ch128, 15, 15, 15, 15, 15, 15, 15, 15, 15, 15
ch132, 15, 15, 15, 15, 15, 15, 15, 15, 15, 15
ch134, 15, 15, 15, 15, 15, 15, 15, 15, 15, 15
ch136, 15, 15, 15, 15, 15, 15, 15, 15, 15, 15
ch138, 15, 15, 15, 15, 15, 15, 15, 15, 15, 15
ch140, 15, 15, 15, 15, 15, 15, 15, 15, 15, 15
ch142, 15, 15, 15, 15, 15, 15, 15, 15, 15, 15
ch144, 15, 15, 15, 15, 15, 15, 15, 15, 15, 15
ch149, 20, 20, 20, 20, 20, 20, 20, 20, 20, 20
ch151, 20, 20, 20, 20, 20, 20, 20, 20, 20, 20
ch153, 20, 20, 20, 20, 20, 20, 20, 20, 20, 20
ch155, 20, 20, 20, 20, 20, 20, 20, 20, 20, 20
ch157, 20, 20, 20, 20, 20, 20, 20, 20, 20, 20
ch159, 20, 20, 20, 20, 20, 20, 20, 20, 20, 20
ch161, 20, 20, 20, 20, 20, 20, 20, 20, 20, 20
ch165, 20, 20, 20, 20, 20, 20, 20, 20, 20, 20
</vht20>

<vht40, m0, m1, m2, m3, m4, m5, m6, m7, m8, m9>
ch038, 24, 24, 24, 24, 24, 24, 24, 24, 24, 24
ch042, 24, 24, 24, 24, 24, 24, 24, 24, 24, 24
ch046, 24, 24, 24, 24, 24, 24, 24, 24, 24, 24
ch054, 18, 18, 18, 18, 18, 18, 18, 18, 18, 18
ch058, 18, 18, 18, 18, 18, 18, 18, 18, 18, 18
ch062, 18, 18, 18, 18, 18, 18, 18, 18, 18, 18
ch102, 18, 18, 18, 18, 18, 18, 18, 18, 18, 18
ch106, 18, 18, 18, 18, 18, 18, 18, 18, 18, 18
ch110, 18, 18, 18, 18, 18, 18, 18, 18, 18, 18
ch118, 18, 18, 18, 18, 18, 18, 18, 18, 18, 18
ch122, 18, 18, 18, 18, 18, 18, 18, 18, 18, 18
ch126, 18, 18, 18, 18, 18, 18, 18, 18, 18, 18
ch134, 18, 18, 18, 18, 18, 18, 18, 18, 18, 18
ch138, 18, 18, 18, 18, 18, 18, 18, 18, 18, 18
ch142, 18, 18, 18, 18, 18, 18, 18, 18, 18, 18
ch151, 21, 21, 21, 21, 21, 21, 21, 21, 21, 21
ch155, 21, 21, 21, 21, 21, 21, 21, 21, 21, 21
ch159, 21, 21, 21, 21, 21, 21, 21, 21, 21, 21
</vht40>

<vht80, m0, m1, m2, m3, m4, m5, m6, m7, m8, m9> 
ch042, 24, 24, 24, 24, 24, 24, 24, 24, 24, 24
ch058, 19, 19, 19, 19, 19, 19, 19, 19, 19, 19
ch106, 18, 18, 18, 18, 18, 18, 18, 18, 18, 18
ch122, 18, 18, 18, 18, 18, 18, 18, 18, 18, 18
ch138, 18, 18, 18, 18, 18, 18, 18, 18, 18, 18
ch155, 23, 23, 23, 23, 23, 23, 23, 23, 23, 23
</vht80>

<ru26, m0, m1, m2, m3, m4, m5, m6, m7, m8, m9, m10, m11>
ch001, 5, 5, 5, 5, 5, 5, 5, 5, 5, 5, 5, 5
ch002, 5, 5, 5, 5, 5, 5, 5, 5, 5, 5, 5, 5
ch003, 5, 5, 5, 5, 5, 5, 5, 5, 5, 5, 5, 5
ch004, 5, 5, 5, 5, 5, 5, 5, 5, 5, 5, 5, 5
ch005, 5, 5, 5, 5, 5, 5, 5, 5, 5, 5, 5, 5
ch006, 5, 5, 5, 5, 5, 5, 5, 5, 5, 5, 5, 5
ch007, 5, 5, 5, 5, 5, 5, 5, 5, 5, 5, 5, 5
ch008, 5, 5, 5, 5, 5, 5, 5, 5, 5, 5, 5, 5
ch009, 5, 5, 5, 5, 5, 5, 5, 5, 5, 5, 5, 5
ch010, 3, 3, 3, 3, 3, 3, 3, 3, 3, 3, 3, 3
ch011, 3, 3, 3, 3, 3, 3, 3, 3, 3, 3, 3, 3
ch012, 3, 3, 3, 3, 3, 3, 3, 3, 3, 3, 3, 3
ch013, 3, 3, 3, 3, 3, 3, 3, 3, 3, 3, 3, 3
ch014, x, x, x, x, x, x, x, x, x, x, x, x
ch036, 5, 5, 5, 5, 5, 5, 5, 5, 5, 5, 5, 5
ch038, 5, 5, 5, 5, 5, 5, 5, 5, 5, 5, 5, 5
ch040, 5, 5, 5, 5, 5, 5, 5, 5, 5, 5, 5, 5
ch042, 5, 5, 5, 5, 5, 5, 5, 5, 5, 5, 5, 5
ch044, 5, 5, 5, 5, 5, 5, 5, 5, 5, 5, 5, 5
ch046, 5, 5, 5, 5, 5, 5, 5, 5, 5, 5, 5, 5
ch048, 5, 5, 5, 5, 5, 5, 5, 5, 5, 5, 5, 5
ch052, 2, 2, 2, 2, 2, 2, 2, 2, 2, 2, 2, 2
ch054, 2, 2, 2, 2, 2, 2, 2, 2, 2, 2, 2, 2
ch056, 2, 2, 2, 2, 2, 2, 2, 2, 2, 2, 2, 2
ch058, 2, 2, 2, 2, 2, 2, 2, 2, 2, 2, 2, 2
ch060, 2, 2, 2, 2, 2, 2, 2, 2, 2, 2, 2, 2
ch062, 2, 2, 2, 2, 2, 2, 2, 2, 2, 2, 2, 2
ch064, 2, 2, 2, 2, 2, 2, 2, 2, 2, 2, 2, 2
ch100, -1, -1, -1, -1, -1, -1, -1, -1, -1, -1, -1, -1
ch102, -1, -1, -1, -1, -1, -1, -1, -1, -1, -1, -1, -1
ch104, -1, -1, -1, -1, -1, -1, -1, -1, -1, -1, -1, -1
ch106, -1, -1, -1, -1, -1, -1, -1, -1, -1, -1, -1, -1
ch108, -1, -1, -1, -1, -1, -1, -1, -1, -1, -1, -1, -1
ch110, -1, -1, -1, -1, -1, -1, -1, -1, -1, -1, -1, -1
ch112, -1, -1, -1, -1, -1, -1, -1, -1, -1, -1, -1, -1
ch116, -1, -1, -1, -1, -1, -1, -1, -1, -1, -1, -1, -1
ch118, -1, -1, -1, -1, -1, -1, -1, -1, -1, -1, -1, -1
ch120, -1, -1, -1, -1, -1, -1, -1, -1, -1, -1, -1, -1
ch122, -1, -1, -1, -1, -1, -1, -1, -1, -1, -1, -1, -1
ch124, -1, -1, -1, -1, -1, -1, -1, -1, -1, -1, -1, -1
ch126, -1, -1, -1, -1, -1, -1, -1, -1, -1, -1, -1, -1
ch128, -1, -1, -1, -1, -1, -1, -1, -1, -1, -1, -1, -1
ch132, -1, -1, -1, -1, -1, -1, -1, -1, -1, -1, -1, -1
ch134, -1, -1, -1, -1, -1, -1, -1, -1, -1, -1, -1, -1
ch136, -1, -1, -1, -1, -1, -1, -1, -1, -1, -1, -1, -1
ch138, -1, -1, -1, -1, -1, -1, -1, -1, -1, -1, -1, -1
ch140, -1, -1, -1, -1, -1, -1, -1, -1, -1, -1, -1, -1
ch142, -1, -1, -1, -1, -1, -1, -1, -1, -1, -1, -1, -1
ch144, -1, -1, -1, -1, -1, -1, -1, -1, -1, -1, -1, -1
ch149, 4, 4, 4, 4, 4, 4, 4, 4, 4, 4, 4, 4
ch151, 4, 4, 4, 4, 4, 4, 4, 4, 4, 4, 4, 4
ch153, 4, 4, 4, 4, 4, 4, 4, 4, 4, 4, 4, 4
ch155, 4, 4, 4, 4, 4, 4, 4, 4, 4, 4, 4, 4
ch157, 4, 4, 4, 4, 4, 4, 4, 4, 4, 4, 4, 4
ch159, 4, 4, 4, 4, 4, 4, 4, 4, 4, 4, 4, 4
ch161, 3, 3, 3, 3, 3, 3, 3, 3, 3, 3, 3, 3
ch165, 3, 3, 3, 3, 3, 3, 3, 3, 3, 3, 3, 3
</ru26>

<ru52, m0, m1, m2, m3, m4, m5, m6, m7, m8, m9, m10, m11>
ch001, 10, 10, 10, 10, 10, 10, 10, 10, 10, 10, 10, 10
ch002, 10, 10, 10, 10, 10, 10, 10, 10, 10, 10, 10, 10
ch003, 11, 11, 11, 11, 11, 11, 11, 11, 11, 11, 11, 11
ch004, 11, 11, 11, 11, 11, 11, 11, 11, 11, 11, 11, 11
ch005, 11, 11, 11, 11, 11, 11, 11, 11, 11, 11, 11, 11
ch006, 11, 11, 11, 11, 11, 11, 11, 11, 11, 11, 11, 11
ch007, 11, 11, 11, 11, 11, 11, 11, 11, 11, 11, 11, 11
ch008, 11, 11, 11, 11, 11, 11, 11, 11, 11, 11, 11, 11
ch009, 11, 11, 11, 11, 11, 11, 11, 11, 11, 11, 11, 11
ch010, 9, 9, 9, 9, 9, 9, 9, 9, 9, 9, 9, 9
ch011, 9, 9, 9, 9, 9, 9, 9, 9, 9, 9, 9, 9
ch012, 9, 9, 9, 9, 9, 9, 9, 9, 9, 9, 9, 9
ch013, 9, 9, 9, 9, 9, 9, 9, 9, 9, 9, 9, 9
ch014, x, x, x, x, x, x, x, x, x, x, x, x
ch036, 10, 10, 10, 10, 10, 10, 10, 10, 10, 10, 10, 10
ch038, 10, 10, 10, 10, 10, 10, 10, 10, 10, 10, 10, 10
ch040, 10, 10, 10, 10, 10, 10, 10, 10, 10, 10, 10, 10
ch042, 10, 10, 10, 10, 10, 10, 10, 10, 10, 10, 10, 10
ch044, 10, 10, 10, 10, 10, 10, 10, 10, 10, 10, 10, 10
ch046, 10, 10, 10, 10, 10, 10, 10, 10, 10, 10, 10, 10
ch048, 10, 10, 10, 10, 10, 10, 10, 10, 10, 10, 10, 10
ch052, 5, 5, 5, 5, 5, 5, 5, 5, 5, 5, 5, 5
ch054, 5, 5, 5, 5, 5, 5, 5, 5, 5, 5, 5, 5
ch056, 5, 5, 5, 5, 5, 5, 5, 5, 5, 5, 5, 5
ch058, 5, 5, 5, 5, 5, 5, 5, 5, 5, 5, 5, 5
ch060, 5, 5, 5, 5, 5, 5, 5, 5, 5, 5, 5, 5
ch062, 5, 5, 5, 5, 5, 5, 5, 5, 5, 5, 5, 5
ch064, 5, 5, 5, 5, 5, 5, 5, 5, 5, 5, 5, 5
ch100, 4, 4, 4, 4, 4, 4, 4, 4, 4, 4, 4, 4
ch102, 4, 4, 4, 4, 4, 4, 4, 4, 4, 4, 4, 4
ch104, 4, 4, 4, 4, 4, 4, 4, 4, 4, 4, 4, 4
ch106, 4, 4, 4, 4, 4, 4, 4, 4, 4, 4, 4, 4
ch108, 4, 4, 4, 4, 4, 4, 4, 4, 4, 4, 4, 4
ch110, 4, 4, 4, 4, 4, 4, 4, 4, 4, 4, 4, 4
ch112, 4, 4, 4, 4, 4, 4, 4, 4, 4, 4, 4, 4
ch116, 4, 4, 4, 4, 4, 4, 4, 4, 4, 4, 4, 4
ch118, 4, 4, 4, 4, 4, 4, 4, 4, 4, 4, 4, 4
ch120, 4, 4, 4, 4, 4, 4, 4, 4, 4, 4, 4, 4
ch122, 4, 4, 4, 4, 4, 4, 4, 4, 4, 4, 4, 4
ch124, 4, 4, 4, 4, 4, 4, 4, 4, 4, 4, 4, 4
ch126, 4, 4, 4, 4, 4, 4, 4, 4, 4, 4, 4, 4
ch128, 4, 4, 4, 4, 4, 4, 4, 4, 4, 4, 4, 4
ch132, 4, 4, 4, 4, 4, 4, 4, 4, 4, 4, 4, 4
ch134, 4, 4, 4, 4, 4, 4, 4, 4, 4, 4, 4, 4
ch136, 4, 4, 4, 4, 4, 4, 4, 4, 4, 4, 4, 4
ch138, 4, 4, 4, 4, 4, 4, 4, 4, 4, 4, 4, 4
ch140, 4, 4, 4, 4, 4, 4, 4, 4, 4, 4, 4, 4
ch142, 4, 4, 4, 4, 4, 4, 4, 4, 4, 4, 4, 4
ch144, 4, 4, 4, 4, 4, 4, 4, 4, 4, 4, 4, 4
ch149, 10, 10, 10, 10, 10, 10, 10, 10, 10, 10, 10, 10
ch151, 10, 10, 10, 10, 10, 10, 10, 10, 10, 10, 10, 10
ch153, 10, 10, 10, 10, 10, 10, 10, 10, 10, 10, 10, 10
ch155, 10, 10, 10, 10, 10, 10, 10, 10, 10, 10, 10, 10
ch157, 9, 9, 9, 9, 9, 9, 9, 9, 9, 9, 9, 9
ch159, 9, 9, 9, 9, 9, 9, 9, 9, 9, 9, 9, 9
ch161, 8, 8, 8, 8, 8, 8, 8, 8, 8, 8, 8, 8
ch165, 8, 8, 8, 8, 8, 8, 8, 8, 8, 8, 8, 8
</ru52>

<ru106, m0, m1, m2, m3, m4, m5, m6, m7, m8, m9, m10, m11>
ch001, 16, 16, 16, 16, 16, 16, 16, 16, 16, 16, 16, 16
ch002, 16, 16, 16, 16, 16, 16, 16, 16, 16, 16, 16, 16
ch003, 17, 17, 17, 17, 17, 17, 17, 17, 17, 17, 17, 17
ch004, 17, 17, 17, 17, 17, 17, 17, 17, 17, 17, 17, 17
ch005, 17, 17, 17, 17, 17, 17, 17, 17, 17, 17, 17, 17
ch006, 17, 17, 17, 17, 17, 17, 17, 17, 17, 17, 17, 17
ch007, 17, 17, 17, 17, 17, 17, 17, 17, 17, 17, 17, 17
ch008, 17, 17, 17, 17, 17, 17, 17, 17, 17, 17, 17, 17
ch009, 17, 17, 17, 17, 17, 17, 17, 17, 17, 17, 17, 17
ch010, 14, 14, 14, 14, 14, 14, 14, 14, 14, 14, 14, 14
ch011, 14, 14, 14, 14, 14, 14, 14, 14, 14, 14, 14, 14
ch012, 14, 14, 14, 14, 14, 14, 14, 14, 14, 14, 14, 14
ch013, 14, 14, 14, 14, 14, 14, 14, 14, 14, 14, 14, 14
ch014, x, x, x, x, x, x, x, x, x, x, x, x
ch036, 16, 16, 16, 16, 16, 16, 16, 16, 16, 16, 16, 16
ch038, 16, 16, 16, 16, 16, 16, 16, 16, 16, 16, 16, 16
ch040, 16, 16, 16, 16, 16, 16, 16, 16, 16, 16, 16, 16
ch042, 16, 16, 16, 16, 16, 16, 16, 16, 16, 16, 16, 16
ch044, 16, 16, 16, 16, 16, 16, 16, 16, 16, 16, 16, 16
ch046, 16, 16, 16, 16, 16, 16, 16, 16, 16, 16, 16, 16
ch048, 16, 16, 16, 16, 16, 16, 16, 16, 16, 16, 16, 16
ch052, 11, 11, 11, 11, 11, 11, 11, 11, 11, 11, 11, 11
ch054, 11, 11, 11, 11, 11, 11, 11, 11, 11, 11, 11, 11
ch056, 11, 11, 11, 11, 11, 11, 11, 11, 11, 11, 11, 11
ch058, 11, 11, 11, 11, 11, 11, 11, 11, 11, 11, 11, 11
ch060, 11, 11, 11, 11, 11, 11, 11, 11, 11, 11, 11, 11
ch062, 11, 11, 11, 11, 11, 11, 11, 11, 11, 11, 11, 11
ch064, 11, 11, 11, 11, 11, 11, 11, 11, 11, 11, 11, 11
ch100, 8, 8, 8, 8, 8, 8, 8, 8, 8, 8, 8, 8
ch102, 8, 8, 8, 8, 8, 8, 8, 8, 8, 8, 8, 8
ch104, 8, 8, 8, 8, 8, 8, 8, 8, 8, 8, 8, 8
ch106, 8, 8, 8, 8, 8, 8, 8, 8, 8, 8, 8, 8
ch108, 8, 8, 8, 8, 8, 8, 8, 8, 8, 8, 8, 8
ch110, 8, 8, 8, 8, 8, 8, 8, 8, 8, 8, 8, 8
ch112, 8, 8, 8, 8, 8, 8, 8, 8, 8, 8, 8, 8
ch116, 8, 8, 8, 8, 8, 8, 8, 8, 8, 8, 8, 8
ch118, 8, 8, 8, 8, 8, 8, 8, 8, 8, 8, 8, 8
ch120, 8, 8, 8, 8, 8, 8, 8, 8, 8, 8, 8, 8
ch122, 8, 8, 8, 8, 8, 8, 8, 8, 8, 8, 8, 8
ch124, 8, 8, 8, 8, 8, 8, 8, 8, 8, 8, 8, 8
ch126, 8, 8, 8, 8, 8, 8, 8, 8, 8, 8, 8, 8
ch128, 8, 8, 8, 8, 8, 8, 8, 8, 8, 8, 8, 8
ch132, 9, 9, 9, 9, 9, 9, 9, 9, 9, 9, 9, 9
ch134, 9, 9, 9, 9, 9, 9, 9, 9, 9, 9, 9, 9
ch136, 9, 9, 9, 9, 9, 9, 9, 9, 9, 9, 9, 9
ch138, 9, 9, 9, 9, 9, 9, 9, 9, 9, 9, 9, 9
ch140, 9, 9, 9, 9, 9, 9, 9, 9, 9, 9, 9, 9
ch142, 9, 9, 9, 9, 9, 9, 9, 9, 9, 9, 9, 9
ch144, 9, 9, 9, 9, 9, 9, 9, 9, 9, 9, 9, 9
ch149, 15, 15, 15, 15, 15, 15, 15, 15, 15, 15, 15, 15
ch151, 15, 15, 15, 15, 15, 15, 15, 15, 15, 15, 15, 15
ch153, 15, 15, 15, 15, 15, 15, 15, 15, 15, 15, 15, 15
ch155, 15, 15, 15, 15, 15, 15, 15, 15, 15, 15, 15, 15
ch157, 16, 16, 16, 16, 16, 16, 16, 16, 16, 16, 16, 16
ch159, 16, 16, 16, 16, 16, 16, 16, 16, 16, 16, 16, 16
ch161, 14, 14, 14, 14, 14, 14, 14, 14, 14, 14, 14, 14
ch165, 14, 14, 14, 14, 14, 14, 14, 14, 14, 14, 14, 14
</ru106>

<ru242, m0, m1, m2, m3, m4, m5, m6, m7, m8, m9, m10, m11>
ch001, 22, 22, 22, 22, 22, 22, 22, 22, 22, 22, 22, 22
ch002, 22, 22, 22, 22, 22, 22, 22, 22, 22, 22, 22, 22
ch003, 22, 22, 22, 22, 22, 22, 22, 22, 22, 22, 22, 22
ch004, 22, 22, 22, 22, 22, 22, 22, 22, 22, 22, 22, 22
ch005, 22, 22, 22, 22, 22, 22, 22, 22, 22, 22, 22, 22
ch006, 22, 22, 22, 22, 22, 22, 22, 22, 22, 22, 22, 22
ch007, 22, 22, 22, 22, 22, 22, 22, 22, 22, 22, 22, 22
ch008, 22, 22, 22, 22, 22, 22, 22, 22, 22, 22, 22, 22
ch009, 22, 22, 22, 22, 22, 22, 22, 22, 22, 22, 22, 22
ch010, 22, 22, 22, 22, 22, 22, 22, 22, 22, 22, 22, 22
ch011, 22, 22, 22, 22, 22, 22, 22, 22, 22, 22, 22, 22
ch012, 22, 22, 22, 22, 22, 22, 22, 22, 22, 22, 22, 22
ch013, 22, 22, 22, 22, 22, 22, 22, 22, 22, 22, 22, 22
ch014, x, x, x, x, x, x, x, x, x, x, x, x
ch036, 21, 21, 21, 21, 21, 21, 21, 21, 21, 21, 21, 21
ch038, 21, 21, 21, 21, 21, 21, 21, 21, 21, 21, 21, 21
ch040, 21, 21, 21, 21, 21, 21, 21, 21, 21, 21, 21, 21
ch042, 21, 21, 21, 21, 21, 21, 21, 21, 21, 21, 21, 21
ch044, 21, 21, 21, 21, 21, 21, 21, 21, 21, 21, 21, 21
ch046, 21, 21, 21, 21, 21, 21, 21, 21, 21, 21, 21, 21
ch048, 21, 21, 21, 21, 21, 21, 21, 21, 21, 21, 21, 21
ch052, 15, 15, 15, 15, 15, 15, 15, 15, 15, 15, 15, 15
ch054, 15, 15, 15, 15, 15, 15, 15, 15, 15, 15, 15, 15
ch056, 15, 15, 15, 15, 15, 15, 15, 15, 15, 15, 15, 15
ch058, 15, 15, 15, 15, 15, 15, 15, 15, 15, 15, 15, 15
ch060, 15, 15, 15, 15, 15, 15, 15, 15, 15, 15, 15, 15
ch062, 15, 15, 15, 15, 15, 15, 15, 15, 15, 15, 15, 15
ch064, 15, 15, 15, 15, 15, 15, 15, 15, 15, 15, 15, 15
ch100, 14, 14, 14, 14, 14, 14, 14, 14, 14, 14, 14, 14
ch102, 14, 14, 14, 14, 14, 14, 14, 14, 14, 14, 14, 14
ch104, 14, 14, 14, 14, 14, 14, 14, 14, 14, 14, 14, 14
ch106, 14, 14, 14, 14, 14, 14, 14, 14, 14, 14, 14, 14
ch108, 14, 14, 14, 14, 14, 14, 14, 14, 14, 14, 14, 14
ch110, 14, 14, 14, 14, 14, 14, 14, 14, 14, 14, 14, 14
ch112, 14, 14, 14, 14, 14, 14, 14, 14, 14, 14, 14, 14
ch116, 14, 14, 14, 14, 14, 14, 14, 14, 14, 14, 14, 14
ch118, 14, 14, 14, 14, 14, 14, 14, 14, 14, 14, 14, 14
ch120, 14, 14, 14, 14, 14, 14, 14, 14, 14, 14, 14, 14
ch122, 14, 14, 14, 14, 14, 14, 14, 14, 14, 14, 14, 14
ch124, 14, 14, 14, 14, 14, 14, 14, 14, 14, 14, 14, 14
ch126, 14, 14, 14, 14, 14, 14, 14, 14, 14, 14, 14, 14
ch128, 14, 14, 14, 14, 14, 14, 14, 14, 14, 14, 14, 14
ch132, 14, 14, 14, 14, 14, 14, 14, 14, 14, 14, 14, 14
ch134, 14, 14, 14, 14, 14, 14, 14, 14, 14, 14, 14, 14
ch136, 14, 14, 14, 14, 14, 14, 14, 14, 14, 14, 14, 14
ch138, 14, 14, 14, 14, 14, 14, 14, 14, 14, 14, 14, 14
ch140, 14, 14, 14, 14, 14, 14, 14, 14, 14, 14, 14, 14
ch142, 14, 14, 14, 14, 14, 14, 14, 14, 14, 14, 14, 14
ch144, 14, 14, 14, 14, 14, 14, 14, 14, 14, 14, 14, 14
ch149, 19, 19, 19, 19, 19, 19, 19, 19, 19, 19, 19, 19
ch151, 19, 19, 19, 19, 19, 19, 19, 19, 19, 19, 19, 19
ch153, 19, 19, 19, 19, 19, 19, 19, 19, 19, 19, 19, 19
ch155, 19, 19, 19, 19, 19, 19, 19, 19, 19, 19, 19, 19
ch157, 19, 19, 19, 19, 19, 19, 19, 19, 19, 19, 19, 19
ch159, 18, 18, 18, 18, 18, 18, 18, 18, 18, 18, 18, 18
ch161, 19, 19, 19, 19, 19, 19, 19, 19, 19, 19, 19, 19
ch165, 19, 19, 19, 19, 19, 19, 19, 19, 19, 19, 19, 19
</ru242>

<ru484, m0, m1, m2, m3, m4, m5, m6, m7, m8, m9, m10, m11>
ch038, 23, 23, 23, 23, 23, 23, 23, 23, 23, 23, 23, 23
ch042, 22, 22, 22, 22, 22, 22, 22, 22, 22, 22, 22, 22
ch046, 23, 23, 23, 23, 23, 23, 23, 23, 23, 23, 23, 23
ch054, 17, 17, 17, 17, 17, 17, 17, 17, 17, 17, 17, 17
ch058, 17, 17, 17, 17, 17, 17, 17, 17, 17, 17, 17, 17
ch062, 17, 17, 17, 17, 17, 17, 17, 17, 17, 17, 17, 17
ch102, 17, 17, 17, 17, 17, 17, 17, 17, 17, 17, 17, 17
ch106, 15, 15, 15, 15, 15, 15, 15, 15, 15, 15, 15, 15
ch110, 17, 17, 17, 17, 17, 17, 17, 17, 17, 17, 17, 17
ch118, 17, 17, 17, 17, 17, 17, 17, 17, 17, 17, 17, 17
ch122, 15, 15, 15, 15, 15, 15, 15, 15, 15, 15, 15, 15
ch126, 17, 17, 17, 17, 17, 17, 17, 17, 17, 17, 17, 17
ch134, 17, 17, 17, 17, 17, 17, 17, 17, 17, 17, 17, 17
ch138, 15, 15, 15, 15, 15, 15, 15, 15, 15, 15, 15, 15
ch142, 17, 17, 17, 17, 17, 17, 17, 17, 17, 17, 17, 17
ch151, 21, 21, 21, 21, 21, 21, 21, 21, 21, 21, 21, 21
ch155, 20, 20, 20, 20, 20, 20, 20, 20, 20, 20, 20, 20
ch159, 22, 22, 22, 22, 22, 22, 22, 22, 22, 22, 22, 22
</ru484>

<ru996, m0, m1, m2, m3, m4, m5, m6, m7, m8, m9, m10, m11> 
ch042, 24, 24, 24, 24, 24, 24, 24, 24, 24, 24, 24, 24
ch058, 19, 19, 19, 19, 19, 19, 19, 19, 19, 19, 19, 19
ch106, 18, 18, 18, 18, 18, 18, 18, 18, 18, 18, 18, 18
ch122, 18, 18, 18, 18, 18, 18, 18, 18, 18, 18, 18, 18
ch138, 18, 18, 18, 18, 18, 18, 18, 18, 18, 18, 18, 18
ch155, 23, 23, 23, 23, 23, 23, 23, 23, 23, 23, 23, 23
</ru996>

[AU]
<cck,  c1, c2, c5, c11>
ch001, 17, 17, 17, 17
ch002, 17, 17, 17, 17
ch003, 18, 18, 18, 18
ch004, 18, 18, 18, 18
ch005, 18, 18, 18, 18
ch006, 18, 18, 18, 18
ch007, 18, 18, 18, 18
ch008, 18, 18, 18, 18
ch009, 18, 18, 18, 18
ch010, 18, 18, 18, 18
ch011, 18, 18, 18, 18
ch012, 18, 18, 18, 18
ch013, 18, 18, 18, 18
ch014, x, x, x, x
</cck>

<ofdm, o6, o9, o12, o18, o24, o36, o48, o54>
ch001, 21, 21, 21, 21, 21, 21, 21, 21
ch002, 21, 21, 21, 21, 21, 21, 21, 21
ch003, 21, 21, 21, 21, 21, 21, 21, 21
ch004, 21, 21, 21, 21, 21, 21, 21, 21
ch005, 21, 21, 21, 21, 21, 21, 21, 21
ch006, 21, 21, 21, 21, 21, 21, 21, 21
ch007, 21, 21, 21, 21, 21, 21, 21, 21
ch008, 21, 21, 21, 21, 21, 21, 21, 21
ch009, 21, 21, 21, 21, 21, 21, 21, 21
ch010, 21, 21, 21, 21, 21, 21, 21, 21
ch011, 21, 21, 21, 21, 21, 21, 21, 21
ch012, 21, 21, 21, 21, 21, 21, 21, 21
ch013, 21, 21, 21, 21, 21, 21, 21, 21
ch014, x, x, x, x, x, x, x, x
ch036, 19, 19, 19, 19, 19, 19, 19, 19
ch038, 19, 19, 19, 19, 19, 19, 19, 19
ch040, 19, 19, 19, 19, 19, 19, 19, 19
ch042, 19, 19, 19, 19, 19, 19, 19, 19
ch044, 19, 19, 19, 19, 19, 19, 19, 19
ch046, 19, 19, 19, 19, 19, 19, 19, 19
ch048, 19, 19, 19, 19, 19, 19, 19, 19
ch052, 12, 12, 12, 12, 12, 12, 12, 12
ch054, 12, 12, 12, 12, 12, 12, 12, 12
ch056, 12, 12, 12, 12, 12, 12, 12, 12
ch058, 12, 12, 12, 12, 12, 12, 12, 12
ch060, 12, 12, 12, 12, 12, 12, 12, 12
ch062, 12, 12, 12, 12, 12, 12, 12, 12
ch064, 12, 12, 12, 12, 12, 12, 12, 12
ch100, 13, 13, 13, 13, 13, 13, 13, 13
ch102, 13, 13, 13, 13, 13, 13, 13, 13
ch104, 13, 13, 13, 13, 13, 13, 13, 13
ch106, 13, 13, 13, 13, 13, 13, 13, 13
ch108, 13, 13, 13, 13, 13, 13, 13, 13
ch110, 13, 13, 13, 13, 13, 13, 13, 13
ch112, 13, 13, 13, 13, 13, 13, 13, 13
ch116, 13, 13, 13, 13, 13, 13, 13, 13
ch118, x, x, x, x, x, x, x, x
ch120, x, x, x, x, x, x, x, x
ch122, x, x, x, x, x, x, x, x
ch124, x, x, x, x, x, x, x, x
ch126, x, x, x, x, x, x, x, x
ch128, x, x, x, x, x, x, x, x
ch132, 13, 13, 13, 13, 13, 13, 13, 13
ch134, 13, 13, 13, 13, 13, 13, 13, 13
ch136, 13, 13, 13, 13, 13, 13, 13, 13
ch138, 13, 13, 13, 13, 13, 13, 13, 13
ch140, 13, 13, 13, 13, 13, 13, 13, 13
ch142, 13, 13, 13, 13, 13, 13, 13, 13
ch144, 23, 23, 23, 23, 23, 23, 23, 23
ch149, 24, 24, 24, 24, 24, 24, 24, 24
ch151, 24, 24, 24, 24, 24, 24, 24, 24
ch153, 24, 24, 24, 24, 24, 24, 24, 24
ch155, 24, 24, 24, 24, 24, 24, 24, 24
ch157, 24, 24, 24, 24, 24, 24, 24, 24
ch159, 24, 24, 24, 24, 24, 24, 24, 24
ch161, 24, 24, 24, 24, 24, 24, 24, 24
ch165, 24, 24, 24, 24, 24, 24, 24, 24
</ofdm>

<ht20, m0, m1, m2, m3, m4, m5, m6, m7>
ch001, 21, 21, 21, 21, 21, 21, 21, 21
ch002, 21, 21, 21, 21, 21, 21, 21, 21
ch003, 21, 21, 21, 21, 21, 21, 21, 21
ch004, 21, 21, 21, 21, 21, 21, 21, 21
ch005, 21, 21, 21, 21, 21, 21, 21, 21
ch006, 21, 21, 21, 21, 21, 21, 21, 21
ch007, 21, 21, 21, 21, 21, 21, 21, 21
ch008, 21, 21, 21, 21, 21, 21, 21, 21
ch009, 21, 21, 21, 21, 21, 21, 21, 21
ch010, 21, 21, 21, 21, 21, 21, 21, 21
ch011, 21, 21, 21, 21, 21, 21, 21, 21
ch012, 21, 21, 21, 21, 21, 21, 21, 21
ch013, 21, 21, 21, 21, 21, 21, 21, 21
ch014, x, x, x, x, x, x, x, x
ch036, 19, 19, 19, 19, 19, 19, 19, 19
ch038, 19, 19, 19, 19, 19, 19, 19, 19
ch040, 19, 19, 19, 19, 19, 19, 19, 19
ch042, 19, 19, 19, 19, 19, 19, 19, 19
ch044, 19, 19, 19, 19, 19, 19, 19, 19
ch046, 19, 19, 19, 19, 19, 19, 19, 19
ch048, 19, 19, 19, 19, 19, 19, 19, 19
ch052, 13, 13, 13, 13, 13, 13, 13, 13
ch054, 13, 13, 13, 13, 13, 13, 13, 13
ch056, 13, 13, 13, 13, 13, 13, 13, 13
ch058, 13, 13, 13, 13, 13, 13, 13, 13
ch060, 13, 13, 13, 13, 13, 13, 13, 13
ch062, 13, 13, 13, 13, 13, 13, 13, 13
ch064, 13, 13, 13, 13, 13, 13, 13, 13
ch100, 13, 13, 13, 13, 13, 13, 13, 13
ch102, 13, 13, 13, 13, 13, 13, 13, 13
ch104, 13, 13, 13, 13, 13, 13, 13, 13
ch106, 13, 13, 13, 13, 13, 13, 13, 13
ch108, 13, 13, 13, 13, 13, 13, 13, 13
ch110, 13, 13, 13, 13, 13, 13, 13, 13
ch112, 13, 13, 13, 13, 13, 13, 13, 13
ch116, 13, 13, 13, 13, 13, 13, 13, 13
ch118, x, x, x, x, x, x, x, x
ch120, x, x, x, x, x, x, x, x
ch122, x, x, x, x, x, x, x, x
ch124, x, x, x, x, x, x, x, x
ch126, x, x, x, x, x, x, x, x
ch128, x, x, x, x, x, x, x, x
ch132, 14, 14, 14, 14, 14, 14, 14, 14
ch134, 14, 14, 14, 14, 14, 14, 14, 14
ch136, 14, 14, 14, 14, 14, 14, 14, 14
ch138, 14, 14, 14, 14, 14, 14, 14, 14
ch140, 14, 14, 14, 14, 14, 14, 14, 14
ch142, 14, 14, 14, 14, 14, 14, 14, 14
ch144, 24, 24, 24, 24, 24, 24, 24, 24
ch149, 24, 24, 24, 24, 24, 24, 24, 24
ch151, 24, 24, 24, 24, 24, 24, 24, 24
ch153, 24, 24, 24, 24, 24, 24, 24, 24
ch155, 24, 24, 24, 24, 24, 24, 24, 24
ch157, 24, 24, 24, 24, 24, 24, 24, 24
ch159, 24, 24, 24, 24, 24, 24, 24, 24
ch161, 24, 24, 24, 24, 24, 24, 24, 24
ch165, 24, 24, 24, 24, 24, 24, 24, 24
</ht20>

<ht40, m0, m1, m2, m3, m4, m5, m6, m7> 
ch038, 22, 22, 22, 22, 22, 22, 22, 22, 22
ch042, 22, 22, 22, 22, 22, 22, 22, 22, 22
ch046, 22, 22, 22, 22, 22, 22, 22, 22, 22
ch054, 17, 17, 17, 17, 17, 17, 17, 17, 17
ch058, 17, 17, 17, 17, 17, 17, 17, 17, 17
ch062, 17, 17, 17, 17, 17, 17, 17, 17, 17
ch102, 16, 16, 16, 16, 16, 16, 16, 16, 16
ch106, 16, 16, 16, 16, 16, 16, 16, 16, 16
ch110, 16, 16, 16, 16, 16, 16, 16, 16, 16
ch118, x, x, x, x, x, x, x, x, x
ch122, x, x, x, x, x, x, x, x, x
ch126, x, x, x, x, x, x, x, x, x
ch134, 16, 16, 16, 16, 16, 16, 16, 16, 16
ch138, 16, 16, 16, 16, 16, 16, 16, 16, 16
ch142, 24, 24, 24, 24, 24, 24, 24, 24, 24
ch151, 24, 24, 24, 24, 24, 24, 24, 24, 24
ch155, 24, 24, 24, 24, 24, 24, 24, 24, 24
ch159, 24, 24, 24, 24, 24, 24, 24, 24, 24
</ht40>

<vht20, m0, m1, m2, m3, m4, m5, m6, m7, m8, m9>
ch036, 19, 19, 19, 19, 19, 19, 19, 19, 19, 19
ch038, 19, 19, 19, 19, 19, 19, 19, 19, 19, 19
ch040, 19, 19, 19, 19, 19, 19, 19, 19, 19, 19
ch042, 19, 19, 19, 19, 19, 19, 19, 19, 19, 19
ch044, 19, 19, 19, 19, 19, 19, 19, 19, 19, 19
ch046, 19, 19, 19, 19, 19, 19, 19, 19, 19, 19
ch048, 19, 19, 19, 19, 19, 19, 19, 19, 19, 19
ch052, 13, 13, 13, 13, 13, 13, 13, 13, 13, 13
ch054, 13, 13, 13, 13, 13, 13, 13, 13, 13, 13
ch056, 13, 13, 13, 13, 13, 13, 13, 13, 13, 13
ch058, 13, 13, 13, 13, 13, 13, 13, 13, 13, 13
ch060, 13, 13, 13, 13, 13, 13, 13, 13, 13, 13
ch062, 13, 13, 13, 13, 13, 13, 13, 13, 13, 13
ch064, 13, 13, 13, 13, 13, 13, 13, 13, 13, 13
ch100, 13, 13, 13, 13, 13, 13, 13, 13, 13, 13
ch102, 13, 13, 13, 13, 13, 13, 13, 13, 13, 13
ch104, 13, 13, 13, 13, 13, 13, 13, 13, 13, 13
ch106, 13, 13, 13, 13, 13, 13, 13, 13, 13, 13
ch108, 13, 13, 13, 13, 13, 13, 13, 13, 13, 13
ch110, 13, 13, 13, 13, 13, 13, 13, 13, 13, 13
ch112, 13, 13, 13, 13, 13, 13, 13, 13, 13, 13
ch116, 13, 13, 13, 13, 13, 13, 13, 13, 13, 13
ch118, x, x, x, x, x, x, x, x, x, x
ch120, x, x, x, x, x, x, x, x, x, x
ch122, x, x, x, x, x, x, x, x, x, x
ch124, x, x, x, x, x, x, x, x, x, x
ch126, x, x, x, x, x, x, x, x, x, x
ch128, x, x, x, x, x, x, x, x, x, x
ch132, 14, 14, 14, 14, 14, 14, 14, 14, 14, 14
ch134, 14, 14, 14, 14, 14, 14, 14, 14, 14, 14
ch136, 14, 14, 14, 14, 14, 14, 14, 14, 14, 14
ch138, 14, 14, 14, 14, 14, 14, 14, 14, 14, 14
ch140, 14, 14, 14, 14, 14, 14, 14, 14, 14, 14
ch142, 14, 14, 14, 14, 14, 14, 14, 14, 14, 14
ch144, 24, 24, 24, 24, 24, 24, 24, 24, 24, 24
ch149, 24, 24, 24, 24, 24, 24, 24, 24, 24, 24
ch151, 24, 24, 24, 24, 24, 24, 24, 24, 24, 24
ch153, 24, 24, 24, 24, 24, 24, 24, 24, 24, 24
ch155, 24, 24, 24, 24, 24, 24, 24, 24, 24, 24
ch157, 24, 24, 24, 24, 24, 24, 24, 24, 24, 24
ch159, 24, 24, 24, 24, 24, 24, 24, 24, 24, 24
ch161, 24, 24, 24, 24, 24, 24, 24, 24, 24, 24
ch165, 24, 24, 24, 24, 24, 24, 24, 24, 24, 24
</vht20>

<vht40, m0, m1, m2, m3, m4, m5, m6, m7, m8, m9>
ch038, 22, 22, 22, 22, 22, 22, 22, 22, 22, 22
ch042, 22, 22, 22, 22, 22, 22, 22, 22, 22, 22
ch046, 22, 22, 22, 22, 22, 22, 22, 22, 22, 22
ch054, 17, 17, 17, 17, 17, 17, 17, 17, 17, 17
ch058, 17, 17, 17, 17, 17, 17, 17, 17, 17, 17
ch062, 17, 17, 17, 17, 17, 17, 17, 17, 17, 17
ch102, 16, 16, 16, 16, 16, 16, 16, 16, 16, 16
ch106, 16, 16, 16, 16, 16, 16, 16, 16, 16, 16
ch110, 16, 16, 16, 16, 16, 16, 16, 16, 16, 16
ch118, x, x, x, x, x, x, x, x, x, x
ch122, x, x, x, x, x, x, x, x, x, x
ch126, x, x, x, x, x, x, x, x, x, x
ch134, 16, 16, 16, 16, 16, 16, 16, 16, 16, 16
ch138, 16, 16, 16, 16, 16, 16, 16, 16, 16, 16
ch142, 24, 24, 24, 24, 24, 24, 24, 24, 24, 24
ch151, 24, 24, 24, 24, 24, 24, 24, 24, 24, 24
ch155, 24, 24, 24, 24, 24, 24, 24, 24, 24, 24
ch159, 24, 24, 24, 24, 24, 24, 24, 24, 24, 24
</vht40>

<vht80, m0, m1, m2, m3, m4, m5, m6, m7, m8, m9> 
ch042, 23, 23, 23, 23, 23, 23, 23, 23, 23, 23
ch058, 18, 18, 18, 18, 18, 18, 18, 18, 18, 18
ch106, 17, 17, 17, 17, 17, 17, 17, 17, 17, 17
ch122, x, x, x, x, x, x, x, x, x, x
ch138, 24, 24, 24, 24, 24, 24, 24, 24, 24, 24
ch155, 24, 24, 24, 24, 24, 24, 24, 24, 24, 24
</vht80>

<ru26, m0, m1, m2, m3, m4, m5, m6, m7, m8, m9, m10, m11>
ch001, 4, 4, 4, 4, 4, 4, 4, 4, 4, 4, 4, 4
ch002, 4, 4, 4, 4, 4, 4, 4, 4, 4, 4, 4, 4
ch003, 4, 4, 4, 4, 4, 4, 4, 4, 4, 4, 4, 4
ch004, 4, 4, 4, 4, 4, 4, 4, 4, 4, 4, 4, 4
ch005, 4, 4, 4, 4, 4, 4, 4, 4, 4, 4, 4, 4
ch006, 4, 4, 4, 4, 4, 4, 4, 4, 4, 4, 4, 4
ch007, 4, 4, 4, 4, 4, 4, 4, 4, 4, 4, 4, 4
ch008, 4, 4, 4, 4, 4, 4, 4, 4, 4, 4, 4, 4
ch009, 4, 4, 4, 4, 4, 4, 4, 4, 4, 4, 4, 4
ch010, 2, 2, 2, 2, 2, 2, 2, 2, 2, 2, 2, 2
ch011, 2, 2, 2, 2, 2, 2, 2, 2, 2, 2, 2, 2
ch012, 2, 2, 2, 2, 2, 2, 2, 2, 2, 2, 2, 2
ch013, 2, 2, 2, 2, 2, 2, 2, 2, 2, 2, 2, 2
ch014, x, x, x, x, x, x, x, x, x, x, x, x
ch036, 4, 4, 4, 4, 4, 4, 4, 4, 4, 4, 4, 4
ch038, 4, 4, 4, 4, 4, 4, 4, 4, 4, 4, 4, 4
ch040, 4, 4, 4, 4, 4, 4, 4, 4, 4, 4, 4, 4
ch042, 4, 4, 4, 4, 4, 4, 4, 4, 4, 4, 4, 4
ch044, 4, 4, 4, 4, 4, 4, 4, 4, 4, 4, 4, 4
ch046, 4, 4, 4, 4, 4, 4, 4, 4, 4, 4, 4, 4
ch048, 4, 4, 4, 4, 4, 4, 4, 4, 4, 4, 4, 4
ch052, 2, 2, 2, 2, 2, 2, 2, 2, 2, 2, 2, 2
ch054, 2, 2, 2, 2, 2, 2, 2, 2, 2, 2, 2, 2
ch056, 2, 2, 2, 2, 2, 2, 2, 2, 2, 2, 2, 2
ch058, 2, 2, 2, 2, 2, 2, 2, 2, 2, 2, 2, 2
ch060, 2, 2, 2, 2, 2, 2, 2, 2, 2, 2, 2, 2
ch062, 2, 2, 2, 2, 2, 2, 2, 2, 2, 2, 2, 2
ch064, 2, 2, 2, 2, 2, 2, 2, 2, 2, 2, 2, 2
ch100, -1, -1, -1, -1, -1, -1, -1, -1, -1, -1, -1, -1
ch102, -1, -1, -1, -1, -1, -1, -1, -1, -1, -1, -1, -1
ch104, -1, -1, -1, -1, -1, -1, -1, -1, -1, -1, -1, -1
ch106, -1, -1, -1, -1, -1, -1, -1, -1, -1, -1, -1, -1
ch108, -1, -1, -1, -1, -1, -1, -1, -1, -1, -1, -1, -1
ch110, -1, -1, -1, -1, -1, -1, -1, -1, -1, -1, -1, -1
ch112, -1, -1, -1, -1, -1, -1, -1, -1, -1, -1, -1, -1
ch116, -1, -1, -1, -1, -1, -1, -1, -1, -1, -1, -1, -1
ch118, x, x, x, x, x, x, x, x, x, x, x, x
ch120, x, x, x, x, x, x, x, x, x, x, x, x
ch122, x, x, x, x, x, x, x, x, x, x, x, x
ch124, x, x, x, x, x, x, x, x, x, x, x, x
ch126, x, x, x, x, x, x, x, x, x, x, x, x
ch128, x, x, x, x, x, x, x, x, x, x, x, x
ch132, -1, -1, -1, -1, -1, -1, -1, -1, -1, -1, -1, -1
ch134, -1, -1, -1, -1, -1, -1, -1, -1, -1, -1, -1, -1
ch136, -1, -1, -1, -1, -1, -1, -1, -1, -1, -1, -1, -1
ch138, -1, -1, -1, -1, -1, -1, -1, -1, -1, -1, -1, -1
ch140, -1, -1, -1, -1, -1, -1, -1, -1, -1, -1, -1, -1
ch142, -1, -1, -1, -1, -1, -1, -1, -1, -1, -1, -1, -1
ch144, 5, 5, 5, 5, 5, 5, 5, 5, 5, 5, 5, 5
ch149, 13, 13, 13, 13, 13, 13, 13, 13, 13, 13, 13, 13
ch151, 13, 13, 13, 13, 13, 13, 13, 13, 13, 13, 13, 13
ch153, 13, 13, 13, 13, 13, 13, 13, 13, 13, 13, 13, 13
ch155, 11, 11, 11, 11, 11, 11, 11, 11, 11, 11, 11, 11
ch157, 11, 11, 11, 11, 11, 11, 11, 11, 11, 11, 11, 11
ch159, 10, 10, 10, 10, 10, 10, 10, 10, 10, 10, 10, 10
ch161, 10, 10, 10, 10, 10, 10, 10, 10, 10, 10, 10, 10
ch165, 10, 10, 10, 10, 10, 10, 10, 10, 10, 10, 10, 10
</ru26>

<ru52, m0, m1, m2, m3, m4, m5, m6, m7, m8, m9, m10, m11>
ch001, 9, 9, 9, 9, 9, 9, 9, 9, 9, 9, 9, 9
ch002, 9, 9, 9, 9, 9, 9, 9, 9, 9, 9, 9, 9
ch003, 10, 10, 10, 10, 10, 10, 10, 10, 10, 10, 10, 10
ch004, 10, 10, 10, 10, 10, 10, 10, 10, 10, 10, 10, 10
ch005, 10, 10, 10, 10, 10, 10, 10, 10, 10, 10, 10, 10
ch006, 10, 10, 10, 10, 10, 10, 10, 10, 10, 10, 10, 10
ch007, 10, 10, 10, 10, 10, 10, 10, 10, 10, 10, 10, 10
ch008, 10, 10, 10, 10, 10, 10, 10, 10, 10, 10, 10, 10
ch009, 10, 10, 10, 10, 10, 10, 10, 10, 10, 10, 10, 10
ch010, 8, 8, 8, 8, 8, 8, 8, 8, 8, 8, 8, 8
ch011, 8, 8, 8, 8, 8, 8, 8, 8, 8, 8, 8, 8
ch012, 8, 8, 8, 8, 8, 8, 8, 8, 8, 8, 8, 8
ch013, 8, 8, 8, 8, 8, 8, 8, 8, 8, 8, 8, 8
ch014, x, x, x, x, x, x, x, x, x, x, x, x
ch036, 10, 10, 10, 10, 10, 10, 10, 10, 10, 10, 10, 10
ch038, 10, 10, 10, 10, 10, 10, 10, 10, 10, 10, 10, 10
ch040, 10, 10, 10, 10, 10, 10, 10, 10, 10, 10, 10, 10
ch042, 10, 10, 10, 10, 10, 10, 10, 10, 10, 10, 10, 10
ch044, 10, 10, 10, 10, 10, 10, 10, 10, 10, 10, 10, 10
ch046, 10, 10, 10, 10, 10, 10, 10, 10, 10, 10, 10, 10
ch048, 10, 10, 10, 10, 10, 10, 10, 10, 10, 10, 10, 10
ch052, 5, 5, 5, 5, 5, 5, 5, 5, 5, 5, 5, 5
ch054, 5, 5, 5, 5, 5, 5, 5, 5, 5, 5, 5, 5
ch056, 5, 5, 5, 5, 5, 5, 5, 5, 5, 5, 5, 5
ch058, 5, 5, 5, 5, 5, 5, 5, 5, 5, 5, 5, 5
ch060, 5, 5, 5, 5, 5, 5, 5, 5, 5, 5, 5, 5
ch062, 5, 5, 5, 5, 5, 5, 5, 5, 5, 5, 5, 5
ch064, 5, 5, 5, 5, 5, 5, 5, 5, 5, 5, 5, 5
ch100, 4, 4, 4, 4, 4, 4, 4, 4, 4, 4, 4, 4
ch102, 4, 4, 4, 4, 4, 4, 4, 4, 4, 4, 4, 4
ch104, 4, 4, 4, 4, 4, 4, 4, 4, 4, 4, 4, 4
ch106, 4, 4, 4, 4, 4, 4, 4, 4, 4, 4, 4, 4
ch108, 4, 4, 4, 4, 4, 4, 4, 4, 4, 4, 4, 4
ch110, 4, 4, 4, 4, 4, 4, 4, 4, 4, 4, 4, 4
ch112, 4, 4, 4, 4, 4, 4, 4, 4, 4, 4, 4, 4
ch116, 4, 4, 4, 4, 4, 4, 4, 4, 4, 4, 4, 4
ch118, x, x, x, x, x, x, x, x, x, x, x, x
ch120, x, x, x, x, x, x, x, x, x, x, x, x
ch122, x, x, x, x, x, x, x, x, x, x, x, x
ch124, x, x, x, x, x, x, x, x, x, x, x, x
ch126, x, x, x, x, x, x, x, x, x, x, x, x
ch128, x, x, x, x, x, x, x, x, x, x, x, x
ch132, 4, 4, 4, 4, 4, 4, 4, 4, 4, 4, 4, 4
ch134, 4, 4, 4, 4, 4, 4, 4, 4, 4, 4, 4, 4
ch136, 4, 4, 4, 4, 4, 4, 4, 4, 4, 4, 4, 4
ch138, 4, 4, 4, 4, 4, 4, 4, 4, 4, 4, 4, 4
ch140, 4, 4, 4, 4, 4, 4, 4, 4, 4, 4, 4, 4
ch142, 4, 4, 4, 4, 4, 4, 4, 4, 4, 4, 4, 4
ch144, 12, 12, 12, 12, 12, 12, 12, 12, 12, 12, 12, 12
ch149, 19, 19, 19, 19, 19, 19, 19, 19, 19, 19, 19, 19
ch151, 19, 19, 19, 19, 19, 19, 19, 19, 19, 19, 19, 19
ch153, 19, 19, 19, 19, 19, 19, 19, 19, 19, 19, 19, 19
ch155, 17, 17, 17, 17, 17, 17, 17, 17, 17, 17, 17, 17
ch157, 17, 17, 17, 17, 17, 17, 17, 17, 17, 17, 17, 17
ch159, 16, 16, 16, 16, 16, 16, 16, 16, 16, 16, 16, 16
ch161, 16, 16, 16, 16, 16, 16, 16, 16, 16, 16, 16, 16
ch165, 16, 16, 16, 16, 16, 16, 16, 16, 16, 16, 16, 16
</ru52>

<ru106, m0, m1, m2, m3, m4, m5, m6, m7, m8, m9, m10, m11>
ch001, 15, 15, 15, 15, 15, 15, 15, 15, 15, 15, 15, 15
ch002, 15, 15, 15, 15, 15, 15, 15, 15, 15, 15, 15, 15
ch003, 16, 16, 16, 16, 16, 16, 16, 16, 16, 16, 16, 16
ch004, 16, 16, 16, 16, 16, 16, 16, 16, 16, 16, 16, 16
ch005, 16, 16, 16, 16, 16, 16, 16, 16, 16, 16, 16, 16
ch006, 16, 16, 16, 16, 16, 16, 16, 16, 16, 16, 16, 16
ch007, 16, 16, 16, 16, 16, 16, 16, 16, 16, 16, 16, 16
ch008, 16, 16, 16, 16, 16, 16, 16, 16, 16, 16, 16, 16
ch009, 16, 16, 16, 16, 16, 16, 16, 16, 16, 16, 16, 16
ch010, 13, 13, 13, 13, 13, 13, 13, 13, 13, 13, 13, 13
ch011, 13, 13, 13, 13, 13, 13, 13, 13, 13, 13, 13, 13
ch012, 13, 13, 13, 13, 13, 13, 13, 13, 13, 13, 13, 13
ch013, 13, 13, 13, 13, 13, 13, 13, 13, 13, 13, 13, 13
ch014, x, x, x, x, x, x, x, x, x, x, x, x
ch036, 16, 16, 16, 16, 16, 16, 16, 16, 16, 16, 16, 16
ch038, 16, 16, 16, 16, 16, 16, 16, 16, 16, 16, 16, 16
ch040, 16, 16, 16, 16, 16, 16, 16, 16, 16, 16, 16, 16
ch042, 16, 16, 16, 16, 16, 16, 16, 16, 16, 16, 16, 16
ch044, 16, 16, 16, 16, 16, 16, 16, 16, 16, 16, 16, 16
ch046, 16, 16, 16, 16, 16, 16, 16, 16, 16, 16, 16, 16
ch048, 16, 16, 16, 16, 16, 16, 16, 16, 16, 16, 16, 16
ch052, 11, 11, 11, 11, 11, 11, 11, 11, 11, 11, 11, 11
ch054, 11, 11, 11, 11, 11, 11, 11, 11, 11, 11, 11, 11
ch056, 11, 11, 11, 11, 11, 11, 11, 11, 11, 11, 11, 11
ch058, 11, 11, 11, 11, 11, 11, 11, 11, 11, 11, 11, 11
ch060, 11, 11, 11, 11, 11, 11, 11, 11, 11, 11, 11, 11
ch062, 11, 11, 11, 11, 11, 11, 11, 11, 11, 11, 11, 11
ch064, 11, 11, 11, 11, 11, 11, 11, 11, 11, 11, 11, 11
ch100, 8, 8, 8, 8, 8, 8, 8, 8, 8, 8, 8, 8
ch102, 8, 8, 8, 8, 8, 8, 8, 8, 8, 8, 8, 8
ch104, 8, 8, 8, 8, 8, 8, 8, 8, 8, 8, 8, 8
ch106, 8, 8, 8, 8, 8, 8, 8, 8, 8, 8, 8, 8
ch108, 8, 8, 8, 8, 8, 8, 8, 8, 8, 8, 8, 8
ch110, 8, 8, 8, 8, 8, 8, 8, 8, 8, 8, 8, 8
ch112, 8, 8, 8, 8, 8, 8, 8, 8, 8, 8, 8, 8
ch116, 8, 8, 8, 8, 8, 8, 8, 8, 8, 8, 8, 8
ch118, x, x, x, x, x, x, x, x, x, x, x, x
ch120, x, x, x, x, x, x, x, x, x, x, x, x
ch122, x, x, x, x, x, x, x, x, x, x, x, x
ch124, x, x, x, x, x, x, x, x, x, x, x, x
ch126, x, x, x, x, x, x, x, x, x, x, x, x
ch128, x, x, x, x, x, x, x, x, x, x, x, x
ch132, 9, 9, 9, 9, 9, 9, 9, 9, 9, 9, 9, 9
ch134, 9, 9, 9, 9, 9, 9, 9, 9, 9, 9, 9, 9
ch136, 9, 9, 9, 9, 9, 9, 9, 9, 9, 9, 9, 9
ch138, 9, 9, 9, 9, 9, 9, 9, 9, 9, 9, 9, 9
ch140, 9, 9, 9, 9, 9, 9, 9, 9, 9, 9, 9, 9
ch142, 9, 9, 9, 9, 9, 9, 9, 9, 9, 9, 9, 9
ch144, 17, 17, 17, 17, 17, 17, 17, 17, 17, 17, 17, 17
ch149, 24, 24, 24, 24, 24, 24, 24, 24, 24, 24, 24, 24
ch151, 24, 24, 24, 24, 24, 24, 24, 24, 24, 24, 24, 24
ch153, 24, 24, 24, 24, 24, 24, 24, 24, 24, 24, 24, 24
ch155, 23, 23, 23, 23, 23, 23, 23, 23, 23, 23, 23, 23
ch157, 23, 23, 23, 23, 23, 23, 23, 23, 23, 23, 23, 23
ch159, 22, 22, 22, 22, 22, 22, 22, 22, 22, 22, 22, 22
ch161, 22, 22, 22, 22, 22, 22, 22, 22, 22, 22, 22, 22
ch165, 22, 22, 22, 22, 22, 22, 22, 22, 22, 22, 22, 22
</ru106>

<ru242, m0, m1, m2, m3, m4, m5, m6, m7, m8, m9, m10, m11>
ch001, 21, 21, 21, 21, 21, 21, 21, 21, 21, 21, 21, 21
ch002, 21, 21, 21, 21, 21, 21, 21, 21, 21, 21, 21, 21
ch003, 21, 21, 21, 21, 21, 21, 21, 21, 21, 21, 21, 21
ch004, 21, 21, 21, 21, 21, 21, 21, 21, 21, 21, 21, 21
ch005, 21, 21, 21, 21, 21, 21, 21, 21, 21, 21, 21, 21
ch006, 21, 21, 21, 21, 21, 21, 21, 21, 21, 21, 21, 21
ch007, 21, 21, 21, 21, 21, 21, 21, 21, 21, 21, 21, 21
ch008, 21, 21, 21, 21, 21, 21, 21, 21, 21, 21, 21, 21
ch009, 21, 21, 21, 21, 21, 21, 21, 21, 21, 21, 21, 21
ch010, 21, 21, 21, 21, 21, 21, 21, 21, 21, 21, 21, 21
ch011, 21, 21, 21, 21, 21, 21, 21, 21, 21, 21, 21, 21
ch012, 21, 21, 21, 21, 21, 21, 21, 21, 21, 21, 21, 21
ch013, 21, 21, 21, 21, 21, 21, 21, 21, 21, 21, 21, 21
ch014, x, x, x, x, x, x, x, x, x, x, x, x
ch036, 19, 19, 19, 19, 19, 19, 19, 19, 19, 19, 19, 19
ch038, 21, 21, 21, 21, 21, 21, 21, 21, 21, 21, 21, 21
ch040, 19, 19, 19, 19, 19, 19, 19, 19, 19, 19, 19, 19
ch042, 21, 21, 21, 21, 21, 21, 21, 21, 21, 21, 21, 21
ch044, 19, 19, 19, 19, 19, 19, 19, 19, 19, 19, 19, 19
ch046, 21, 21, 21, 21, 21, 21, 21, 21, 21, 21, 21, 21
ch048, 19, 19, 19, 19, 19, 19, 19, 19, 19, 19, 19, 19
ch052, 13, 13, 13, 13, 13, 13, 13, 13, 13, 13, 13, 13
ch054, 15, 15, 15, 15, 15, 15, 15, 15, 15, 15, 15, 15
ch056, 13, 13, 13, 13, 13, 13, 13, 13, 13, 13, 13, 13
ch058, 15, 15, 15, 15, 15, 15, 15, 15, 15, 15, 15, 15
ch060, 13, 13, 13, 13, 13, 13, 13, 13, 13, 13, 13, 13
ch062, 15, 15, 15, 15, 15, 15, 15, 15, 15, 15, 15, 15
ch064, 13, 13, 13, 13, 13, 13, 13, 13, 13, 13, 13, 13
ch100, 13, 13, 13, 13, 13, 13, 13, 13, 13, 13, 13, 13
ch102, 14, 14, 14, 14, 14, 14, 14, 14, 14, 14, 14, 14
ch104, 13, 13, 13, 13, 13, 13, 13, 13, 13, 13, 13, 13
ch106, 14, 14, 14, 14, 14, 14, 14, 14, 14, 14, 14, 14
ch108, 13, 13, 13, 13, 13, 13, 13, 13, 13, 13, 13, 13
ch110, 14, 14, 14, 14, 14, 14, 14, 14, 14, 14, 14, 14
ch112, 13, 13, 13, 13, 13, 13, 13, 13, 13, 13, 13, 13
ch116, 13, 13, 13, 13, 13, 13, 13, 13, 13, 13, 13, 13
ch118, x, x, x, x, x, x, x, x, x, x, x, x
ch120, x, x, x, x, x, x, x, x, x, x, x, x
ch122, x, x, x, x, x, x, x, x, x, x, x, x
ch124, x, x, x, x, x, x, x, x, x, x, x, x
ch126, x, x, x, x, x, x, x, x, x, x, x, x
ch128, x, x, x, x, x, x, x, x, x, x, x, x
ch132, 14, 14, 14, 14, 14, 14, 14, 14, 14, 14, 14, 14
ch134, 14, 14, 14, 14, 14, 14, 14, 14, 14, 14, 14, 14
ch136, 14, 14, 14, 14, 14, 14, 14, 14, 14, 14, 14, 14
ch138, 14, 14, 14, 14, 14, 14, 14, 14, 14, 14, 14, 14
ch140, 14, 14, 14, 14, 14, 14, 14, 14, 14, 14, 14, 14
ch142, 22, 22, 22, 22, 22, 22, 22, 22, 22, 22, 22, 22
ch144, 24, 24, 24, 24, 24, 24, 24, 24, 24, 24, 24, 24
ch149, 24, 24, 24, 24, 24, 24, 24, 24, 24, 24, 24, 24
ch151, 20, 20, 20, 20, 20, 20, 20, 20, 20, 20, 20, 20
ch153, 24, 24, 24, 24, 24, 24, 24, 24, 24, 24, 24, 24
ch155, 22, 22, 22, 22, 22, 22, 22, 22, 22, 22, 22, 22
ch157, 24, 24, 24, 24, 24, 24, 24, 24, 24, 24, 24, 24
ch159, 22, 22, 22, 22, 22, 22, 22, 22, 22, 22, 22, 22
ch161, 24, 24, 24, 24, 24, 24, 24, 24, 24, 24, 24, 24
ch165, 24, 24, 24, 24, 24, 24, 24, 24, 24, 24, 24, 24
</ru242>

<ru484, m0, m1, m2, m3, m4, m5, m6, m7, m8, m9, m10, m11>
ch038, 22, 22, 22, 22, 22, 22, 22, 22, 22, 22, 22, 22
ch042, 21, 21, 21, 21, 21, 21, 21, 21, 21, 21, 21, 21
ch046, 22, 22, 22, 22, 22, 22, 22, 22, 22, 22, 22, 22
ch054, 17, 17, 17, 17, 17, 17, 17, 17, 17, 17, 17, 17
ch058, 16, 16, 16, 16, 16, 16, 16, 16, 16, 16, 16, 16
ch062, 17, 17, 17, 17, 17, 17, 17, 17, 17, 17, 17, 17
ch102, 16, 16, 16, 16, 16, 16, 16, 16, 16, 16, 16, 16
ch106, 14, 14, 14, 14, 14, 14, 14, 14, 14, 14, 14, 14
ch110, 16, 16, 16, 16, 16, 16, 16, 16, 16, 16, 16, 16
ch118, x, x, x, x, x, x, x, x, x, x, x, x
ch122, x, x, x, x, x, x, x, x, x, x, x, x
ch126, x, x, x, x, x, x, x, x, x, x, x, x
ch134, 16, 16, 16, 16, 16, 16, 16, 16, 16, 16, 16, 16
ch138, 23, 23, 23, 23, 23, 23, 23, 23, 23, 23, 23, 23
ch142, 24, 24, 24, 24, 24, 24, 24, 24, 24, 24, 24, 24
ch151, 24, 24, 24, 24, 24, 24, 24, 24, 24, 24, 24, 24
ch155, 21, 21, 21, 21, 21, 21, 21, 21, 21, 21, 21, 21
ch159, 24, 24, 24, 24, 24, 24, 24, 24, 24, 24, 24, 24
</ru484>

<ru996, m0, m1, m2, m3, m4, m5, m6, m7, m8, m9, m10, m11> 
ch042, 23, 23, 23, 23, 23, 23, 23, 23, 23, 23, 23, 23
ch058, 18, 18, 18, 18, 18, 18, 18, 18, 18, 18, 18, 18
ch106, 17, 17, 17, 17, 17, 17, 17, 17, 17, 17, 17, 17
ch122, x, x, x, x, x, x, x, x, x, x, x, x
ch138, 24, 24, 24, 24, 24, 24, 24, 24, 24, 24, 24, 24
ch155, 24, 24, 24, 24, 24, 24, 24, 24, 24, 24, 24, 24
</ru996>

[IN]
<cck,  c1, c2, c5, c11>
ch001, 17, 17, 17, 17
ch002, 17, 17, 17, 17
ch003, 18, 18, 18, 18
ch004, 18, 18, 18, 18
ch005, 18, 18, 18, 18
ch006, 18, 18, 18, 18
ch007, 18, 18, 18, 18
ch008, 18, 18, 18, 18
ch009, 18, 18, 18, 18
ch010, 18, 18, 18, 18
ch011, 18, 18, 18, 18
ch012, 18, 18, 18, 18
ch013, 18, 18, 18, 18
ch014, x, x, x, x
</cck>

<ofdm, o6, o9, o12, o18, o24, o36, o48, o54>
ch001, 21, 21, 21, 21, 21, 21, 21, 21
ch002, 21, 21, 21, 21, 21, 21, 21, 21
ch003, 21, 21, 21, 21, 21, 21, 21, 21
ch004, 21, 21, 21, 21, 21, 21, 21, 21
ch005, 21, 21, 21, 21, 21, 21, 21, 21
ch006, 21, 21, 21, 21, 21, 21, 21, 21
ch007, 21, 21, 21, 21, 21, 21, 21, 21
ch008, 21, 21, 21, 21, 21, 21, 21, 21
ch009, 21, 21, 21, 21, 21, 21, 21, 21
ch010, 21, 21, 21, 21, 21, 21, 21, 21
ch011, 21, 21, 21, 21, 21, 21, 21, 21
ch012, 21, 21, 21, 21, 21, 21, 21, 21
ch013, 21, 21, 21, 21, 21, 21, 21, 21
ch014, x, x, x, x, x, x, x, x
ch036, 24, 24, 24, 24, 24, 24, 24, 24
ch038, 24, 24, 24, 24, 24, 24, 24, 24
ch040, 24, 24, 24, 24, 24, 24, 24, 24
ch042, 24, 24, 24, 24, 24, 24, 24, 24
ch044, 24, 24, 24, 24, 24, 24, 24, 24
ch046, 24, 24, 24, 24, 24, 24, 24, 24
ch048, 24, 24, 24, 24, 24, 24, 24, 24
ch052, 24, 24, 24, 24, 24, 24, 24, 24
ch054, 24, 24, 24, 24, 24, 24, 24, 24
ch056, 24, 24, 24, 24, 24, 24, 24, 24
ch058, 24, 24, 24, 24, 24, 24, 24, 24
ch060, 24, 24, 24, 24, 24, 24, 24, 24
ch062, 24, 24, 24, 24, 24, 24, 24, 24
ch064, 24, 24, 24, 24, 24, 24, 24, 24
ch100, 24, 24, 24, 24, 24, 24, 24, 24
ch102, 24, 24, 24, 24, 24, 24, 24, 24
ch104, 24, 24, 24, 24, 24, 24, 24, 24
ch106, 24, 24, 24, 24, 24, 24, 24, 24
ch108, 24, 24, 24, 24, 24, 24, 24, 24
ch110, 24, 24, 24, 24, 24, 24, 24, 24
ch112, 23, 23, 23, 23, 23, 23, 23, 23
ch116, 23, 23, 23, 23, 23, 23, 23, 23
ch118, 23, 23, 23, 23, 23, 23, 23, 23
ch120, 23, 23, 23, 23, 23, 23, 23, 23
ch122, 23, 23, 23, 23, 23, 23, 23, 23
ch124, 23, 23, 23, 23, 23, 23, 23, 23
ch126, 23, 23, 23, 23, 23, 23, 23, 23
ch128, 23, 23, 23, 23, 23, 23, 23, 23
ch132, 24, 24, 24, 24, 24, 24, 24, 24
ch134, 24, 24, 24, 24, 24, 24, 24, 24
ch136, 24, 24, 24, 24, 24, 24, 24, 24
ch138, 24, 24, 24, 24, 24, 24, 24, 24
ch140, 24, 24, 24, 24, 24, 24, 24, 24
ch142, 23, 23, 23, 23, 23, 23, 23, 23
ch144, 23, 23, 23, 23, 23, 23, 23, 23
ch149, 24, 24, 24, 24, 24, 24, 24, 24
ch151, 24, 24, 24, 24, 24, 24, 24, 24
ch153, 24, 24, 24, 24, 24, 24, 24, 24
ch155, 24, 24, 24, 24, 24, 24, 24, 24
ch157, 24, 24, 24, 24, 24, 24, 24, 24
ch159, 24, 24, 24, 24, 24, 24, 24, 24
ch161, 24, 24, 24, 24, 24, 24, 24, 24
ch165, 24, 24, 24, 24, 24, 24, 24, 24
</ofdm>

<ht20, m0, m1, m2, m3, m4, m5, m6, m7>
ch001, 21, 21, 21, 21, 21, 21, 21, 21
ch002, 21, 21, 21, 21, 21, 21, 21, 21
ch003, 21, 21, 21, 21, 21, 21, 21, 21
ch004, 21, 21, 21, 21, 21, 21, 21, 21
ch005, 21, 21, 21, 21, 21, 21, 21, 21
ch006, 21, 21, 21, 21, 21, 21, 21, 21
ch007, 21, 21, 21, 21, 21, 21, 21, 21
ch008, 21, 21, 21, 21, 21, 21, 21, 21
ch009, 21, 21, 21, 21, 21, 21, 21, 21
ch010, 21, 21, 21, 21, 21, 21, 21, 21
ch011, 21, 21, 21, 21, 21, 21, 21, 21
ch012, 21, 21, 21, 21, 21, 21, 21, 21
ch013, 21, 21, 21, 21, 21, 21, 21, 21
ch014, x, x, x, x, x, x, x, x
ch036, 24, 24, 24, 24, 24, 24, 24, 24
ch038, 24, 24, 24, 24, 24, 24, 24, 24
ch040, 24, 24, 24, 24, 24, 24, 24, 24
ch042, 24, 24, 24, 24, 24, 24, 24, 24
ch044, 24, 24, 24, 24, 24, 24, 24, 24
ch046, 24, 24, 24, 24, 24, 24, 24, 24
ch048, 24, 24, 24, 24, 24, 24, 24, 24
ch052, 24, 24, 24, 24, 24, 24, 24, 24
ch054, 24, 24, 24, 24, 24, 24, 24, 24
ch056, 24, 24, 24, 24, 24, 24, 24, 24
ch058, 24, 24, 24, 24, 24, 24, 24, 24
ch060, 24, 24, 24, 24, 24, 24, 24, 24
ch062, 24, 24, 24, 24, 24, 24, 24, 24
ch064, 24, 24, 24, 24, 24, 24, 24, 24
ch100, 24, 24, 24, 24, 24, 24, 24, 24
ch102, 24, 24, 24, 24, 24, 24, 24, 24
ch104, 24, 24, 24, 24, 24, 24, 24, 24
ch106, 24, 24, 24, 24, 24, 24, 24, 24
ch108, 24, 24, 24, 24, 24, 24, 24, 24
ch110, 24, 24, 24, 24, 24, 24, 24, 24
ch112, 24, 24, 24, 24, 24, 24, 24, 24
ch116, 24, 24, 24, 24, 24, 24, 24, 24
ch118, 24, 24, 24, 24, 24, 24, 24, 24
ch120, 24, 24, 24, 24, 24, 24, 24, 24
ch122, 24, 24, 24, 24, 24, 24, 24, 24
ch124, 24, 24, 24, 24, 24, 24, 24, 24
ch126, 24, 24, 24, 24, 24, 24, 24, 24
ch128, 24, 24, 24, 24, 24, 24, 24, 24
ch132, 23, 23, 23, 23, 23, 23, 23, 23
ch134, 23, 23, 23, 23, 23, 23, 23, 23
ch136, 23, 23, 23, 23, 23, 23, 23, 23
ch138, 23, 23, 23, 23, 23, 23, 23, 23
ch140, 23, 23, 23, 23, 23, 23, 23, 23
ch142, 24, 24, 24, 24, 24, 24, 24, 24
ch144, 24, 24, 24, 24, 24, 24, 24, 24
ch149, 24, 24, 24, 24, 24, 24, 24, 24
ch151, 24, 24, 24, 24, 24, 24, 24, 24
ch153, 24, 24, 24, 24, 24, 24, 24, 24
ch155, 24, 24, 24, 24, 24, 24, 24, 24
ch157, 24, 24, 24, 24, 24, 24, 24, 24
ch159, 24, 24, 24, 24, 24, 24, 24, 24
ch161, 24, 24, 24, 24, 24, 24, 24, 24
ch165, 24, 24, 24, 24, 24, 24, 24, 24
</ht20>

<ht40, m0, m1, m2, m3, m4, m5, m6, m7> 
ch038, 24, 24, 24, 24, 24, 24, 24, 24, 24
ch042, 24, 24, 24, 24, 24, 24, 24, 24, 24
ch046, 24, 24, 24, 24, 24, 24, 24, 24, 24
ch054, 24, 24, 24, 24, 24, 24, 24, 24, 24
ch058, 21, 21, 21, 21, 21, 21, 21, 21, 21
ch062, 21, 21, 21, 21, 21, 21, 21, 21, 21
ch102, 24, 24, 24, 24, 24, 24, 24, 24, 24
ch106, 24, 24, 24, 24, 24, 24, 24, 24, 24
ch110, 24, 24, 24, 24, 24, 24, 24, 24, 24
ch118, 24, 24, 24, 24, 24, 24, 24, 24, 24
ch122, 24, 24, 24, 24, 24, 24, 24, 24, 24
ch126, 24, 24, 24, 24, 24, 24, 24, 24, 24
ch134, 24, 24, 24, 24, 24, 24, 24, 24, 24
ch138, 24, 24, 24, 24, 24, 24, 24, 24, 24
ch142, 24, 24, 24, 24, 24, 24, 24, 24, 24
ch151, 24, 24, 24, 24, 24, 24, 24, 24, 24
ch155, 24, 24, 24, 24, 24, 24, 24, 24, 24
ch159, 24, 24, 24, 24, 24, 24, 24, 24, 24
</ht40>

<vht20, m0, m1, m2, m3, m4, m5, m6, m7, m8, m9>
ch036, 24, 24, 24, 24, 24, 24, 24, 24, 24, 24
ch038, 24, 24, 24, 24, 24, 24, 24, 24, 24, 24
ch040, 24, 24, 24, 24, 24, 24, 24, 24, 24, 24
ch042, 24, 24, 24, 24, 24, 24, 24, 24, 24, 24
ch044, 24, 24, 24, 24, 24, 24, 24, 24, 24, 24
ch046, 24, 24, 24, 24, 24, 24, 24, 24, 24, 24
ch048, 24, 24, 24, 24, 24, 24, 24, 24, 24, 24
ch052, 24, 24, 24, 24, 24, 24, 24, 24, 24, 24
ch054, 24, 24, 24, 24, 24, 24, 24, 24, 24, 24
ch056, 24, 24, 24, 24, 24, 24, 24, 24, 24, 24
ch058, 24, 24, 24, 24, 24, 24, 24, 24, 24, 24
ch060, 24, 24, 24, 24, 24, 24, 24, 24, 24, 24
ch062, 24, 24, 24, 24, 24, 24, 24, 24, 24, 24
ch064, 24, 24, 24, 24, 24, 24, 24, 24, 24, 24
ch100, 24, 24, 24, 24, 24, 24, 24, 24, 24, 24
ch102, 24, 24, 24, 24, 24, 24, 24, 24, 24, 24
ch104, 24, 24, 24, 24, 24, 24, 24, 24, 24, 24
ch106, 24, 24, 24, 24, 24, 24, 24, 24, 24, 24
ch108, 24, 24, 24, 24, 24, 24, 24, 24, 24, 24
ch110, 24, 24, 24, 24, 24, 24, 24, 24, 24, 24
ch112, 24, 24, 24, 24, 24, 24, 24, 24, 24, 24
ch116, 24, 24, 24, 24, 24, 24, 24, 24, 24, 24
ch118, 24, 24, 24, 24, 24, 24, 24, 24, 24, 24
ch120, 24, 24, 24, 24, 24, 24, 24, 24, 24, 24
ch122, 24, 24, 24, 24, 24, 24, 24, 24, 24, 24
ch124, 24, 24, 24, 24, 24, 24, 24, 24, 24, 24
ch126, 24, 24, 24, 24, 24, 24, 24, 24, 24, 24
ch128, 24, 24, 24, 24, 24, 24, 24, 24, 24, 24
ch132, 23, 23, 23, 23, 23, 23, 23, 23, 23, 23
ch134, 23, 23, 23, 23, 23, 23, 23, 23, 23, 23
ch136, 23, 23, 23, 23, 23, 23, 23, 23, 23, 23
ch138, 23, 23, 23, 23, 23, 23, 23, 23, 23, 23
ch140, 23, 23, 23, 23, 23, 23, 23, 23, 23, 23
ch142, 24, 24, 24, 24, 24, 24, 24, 24, 24, 24
ch144, 24, 24, 24, 24, 24, 24, 24, 24, 24, 24
ch149, 24, 24, 24, 24, 24, 24, 24, 24, 24, 24
ch151, 24, 24, 24, 24, 24, 24, 24, 24, 24, 24
ch153, 24, 24, 24, 24, 24, 24, 24, 24, 24, 24
ch155, 24, 24, 24, 24, 24, 24, 24, 24, 24, 24
ch157, 24, 24, 24, 24, 24, 24, 24, 24, 24, 24
ch159, 24, 24, 24, 24, 24, 24, 24, 24, 24, 24
ch161, 24, 24, 24, 24, 24, 24, 24, 24, 24, 24
ch165, 24, 24, 24, 24, 24, 24, 24, 24, 24, 24
</vht20>

<vht40, m0, m1, m2, m3, m4, m5, m6, m7, m8, m9>
ch038, 24, 24, 24, 24, 24, 24, 24, 24, 24, 24
ch042, 24, 24, 24, 24, 24, 24, 24, 24, 24, 24
ch046, 24, 24, 24, 24, 24, 24, 24, 24, 24, 24
ch054, 24, 24, 24, 24, 24, 24, 24, 24, 24, 24
ch058, 21, 21, 21, 21, 21, 21, 21, 21, 21, 21
ch062, 21, 21, 21, 21, 21, 21, 21, 21, 21, 21
ch102, 24, 24, 24, 24, 24, 24, 24, 24, 24, 24
ch106, 24, 24, 24, 24, 24, 24, 24, 24, 24, 24
ch110, 24, 24, 24, 24, 24, 24, 24, 24, 24, 24
ch118, 24, 24, 24, 24, 24, 24, 24, 24, 24, 24
ch122, 24, 24, 24, 24, 24, 24, 24, 24, 24, 24
ch126, 24, 24, 24, 24, 24, 24, 24, 24, 24, 24
ch134, 24, 24, 24, 24, 24, 24, 24, 24, 24, 24
ch138, 24, 24, 24, 24, 24, 24, 24, 24, 24, 24
ch142, 24, 24, 24, 24, 24, 24, 24, 24, 24, 24
ch151, 24, 24, 24, 24, 24, 24, 24, 24, 24, 24
ch155, 24, 24, 24, 24, 24, 24, 24, 24, 24, 24
ch159, 24, 24, 24, 24, 24, 24, 24, 24, 24, 24
</vht40>

<vht80, m0, m1, m2, m3, m4, m5, m6, m7, m8, m9> 
ch042, 19, 19, 19, 19, 19, 19, 19, 19, 19, 19
ch058, 17, 17, 17, 17, 17, 17, 17, 17, 17, 17
ch106, 23, 23, 23, 23, 23, 23, 23, 23, 23, 23
ch122, 24, 24, 24, 24, 24, 24, 24, 24, 24, 24
ch138, 24, 24, 24, 24, 24, 24, 24, 24, 24, 24
ch155, 24, 24, 24, 24, 24, 24, 24, 24, 24, 24
</vht80>

<ru26, m0, m1, m2, m3, m4, m5, m6, m7, m8, m9, m10, m11>
ch001, 4, 4, 4, 4, 4, 4, 4, 4, 4, 4, 4, 4
ch002, 4, 4, 4, 4, 4, 4, 4, 4, 4, 4, 4, 4
ch003, 4, 4, 4, 4, 4, 4, 4, 4, 4, 4, 4, 4
ch004, 4, 4, 4, 4, 4, 4, 4, 4, 4, 4, 4, 4
ch005, 4, 4, 4, 4, 4, 4, 4, 4, 4, 4, 4, 4
ch006, 4, 4, 4, 4, 4, 4, 4, 4, 4, 4, 4, 4
ch007, 4, 4, 4, 4, 4, 4, 4, 4, 4, 4, 4, 4
ch008, 4, 4, 4, 4, 4, 4, 4, 4, 4, 4, 4, 4
ch009, 4, 4, 4, 4, 4, 4, 4, 4, 4, 4, 4, 4
ch010, 2, 2, 2, 2, 2, 2, 2, 2, 2, 2, 2, 2
ch011, 2, 2, 2, 2, 2, 2, 2, 2, 2, 2, 2, 2
ch012, 2, 2, 2, 2, 2, 2, 2, 2, 2, 2, 2, 2
ch013, 2, 2, 2, 2, 2, 2, 2, 2, 2, 2, 2, 2
ch014, x, x, x, x, x, x, x, x, x, x, x, x
ch036, 9, 9, 9, 9, 9, 9, 9, 9, 9, 9, 9, 9
ch038, 9, 9, 9, 9, 9, 9, 9, 9, 9, 9, 9, 9
ch040, 9, 9, 9, 9, 9, 9, 9, 9, 9, 9, 9, 9
ch042, 9, 9, 9, 9, 9, 9, 9, 9, 9, 9, 9, 9
ch044, 10, 10, 10, 10, 10, 10, 10, 10, 10, 10, 10, 10
ch046, 10, 10, 10, 10, 10, 10, 10, 10, 10, 10, 10, 10
ch048, 7, 7, 7, 7, 7, 7, 7, 7, 7, 7, 7, 7
ch052, 9, 9, 9, 9, 9, 9, 9, 9, 9, 9, 9, 9
ch054, 9, 9, 9, 9, 9, 9, 9, 9, 9, 9, 9, 9
ch056, 9, 9, 9, 9, 9, 9, 9, 9, 9, 9, 9, 9
ch058, 9, 9, 9, 9, 9, 9, 9, 9, 9, 9, 9, 9
ch060, 11, 11, 11, 11, 11, 11, 11, 11, 11, 11, 11, 11
ch062, 11, 11, 11, 11, 11, 11, 11, 11, 11, 11, 11, 11
ch064, 8, 8, 8, 8, 8, 8, 8, 8, 8, 8, 8, 8
ch100, 7, 7, 7, 7, 7, 7, 7, 7, 7, 7, 7, 7
ch102, 7, 7, 7, 7, 7, 7, 7, 7, 7, 7, 7, 7
ch104, 7, 7, 7, 7, 7, 7, 7, 7, 7, 7, 7, 7
ch106, 7, 7, 7, 7, 7, 7, 7, 7, 7, 7, 7, 7
ch108, 7, 7, 7, 7, 7, 7, 7, 7, 7, 7, 7, 7
ch110, 7, 7, 7, 7, 7, 7, 7, 7, 7, 7, 7, 7
ch112, 9, 9, 9, 9, 9, 9, 9, 9, 9, 9, 9, 9
ch116, 9, 9, 9, 9, 9, 9, 9, 9, 9, 9, 9, 9
ch118, 9, 9, 9, 9, 9, 9, 9, 9, 9, 9, 9, 9
ch120, 9, 9, 9, 9, 9, 9, 9, 9, 9, 9, 9, 9
ch122, 9, 9, 9, 9, 9, 9, 9, 9, 9, 9, 9, 9
ch124, 9, 9, 9, 9, 9, 9, 9, 9, 9, 9, 9, 9
ch126, 9, 9, 9, 9, 9, 9, 9, 9, 9, 9, 9, 9
ch128, 9, 9, 9, 9, 9, 9, 9, 9, 9, 9, 9, 9
ch132, 7, 7, 7, 7, 7, 7, 7, 7, 7, 7, 7, 7
ch134, 7, 7, 7, 7, 7, 7, 7, 7, 7, 7, 7, 7
ch136, 7, 7, 7, 7, 7, 7, 7, 7, 7, 7, 7, 7
ch138, 7, 7, 7, 7, 7, 7, 7, 7, 7, 7, 7, 7
ch140, 7, 7, 7, 7, 7, 7, 7, 7, 7, 7, 7, 7
ch142, 5, 5, 5, 5, 5, 5, 5, 5, 5, 5, 5, 5
ch144, 5, 5, 5, 5, 5, 5, 5, 5, 5, 5, 5, 5
ch149, 13, 13, 13, 13, 13, 13, 13, 13, 13, 13, 13, 13
ch151, 13, 13, 13, 13, 13, 13, 13, 13, 13, 13, 13, 13
ch153, 13, 13, 13, 13, 13, 13, 13, 13, 13, 13, 13, 13
ch155, 11, 11, 11, 11, 11, 11, 11, 11, 11, 11, 11, 11
ch157, 11, 11, 11, 11, 11, 11, 11, 11, 11, 11, 11, 11
ch159, 10, 10, 10, 10, 10, 10, 10, 10, 10, 10, 10, 10
ch161, 10, 10, 10, 10, 10, 10, 10, 10, 10, 10, 10, 10
ch165, 10, 10, 10, 10, 10, 10, 10, 10, 10, 10, 10, 10
</ru26>

<ru52, m0, m1, m2, m3, m4, m5, m6, m7, m8, m9, m10, m11>
ch001, 9, 9, 9, 9, 9, 9, 9, 9, 9, 9, 9, 9
ch002, 9, 9, 9, 9, 9, 9, 9, 9, 9, 9, 9, 9
ch003, 10, 10, 10, 10, 10, 10, 10, 10, 10, 10, 10, 10
ch004, 10, 10, 10, 10, 10, 10, 10, 10, 10, 10, 10, 10
ch005, 10, 10, 10, 10, 10, 10, 10, 10, 10, 10, 10, 10
ch006, 10, 10, 10, 10, 10, 10, 10, 10, 10, 10, 10, 10
ch007, 10, 10, 10, 10, 10, 10, 10, 10, 10, 10, 10, 10
ch008, 10, 10, 10, 10, 10, 10, 10, 10, 10, 10, 10, 10
ch009, 10, 10, 10, 10, 10, 10, 10, 10, 10, 10, 10, 10
ch010, 8, 8, 8, 8, 8, 8, 8, 8, 8, 8, 8, 8
ch011, 8, 8, 8, 8, 8, 8, 8, 8, 8, 8, 8, 8
ch012, 8, 8, 8, 8, 8, 8, 8, 8, 8, 8, 8, 8
ch013, 8, 8, 8, 8, 8, 8, 8, 8, 8, 8, 8, 8
ch014, x, x, x, x, x, x, x, x, x, x, x, x
ch036, 15, 15, 15, 15, 15, 15, 15, 15, 15, 15, 15, 15
ch038, 15, 15, 15, 15, 15, 15, 15, 15, 15, 15, 15, 15
ch040, 15, 15, 15, 15, 15, 15, 15, 15, 15, 15, 15, 15
ch042, 15, 15, 15, 15, 15, 15, 15, 15, 15, 15, 15, 15
ch044, 15, 15, 15, 15, 15, 15, 15, 15, 15, 15, 15, 15
ch046, 15, 15, 15, 15, 15, 15, 15, 15, 15, 15, 15, 15
ch048, 14, 14, 14, 14, 14, 14, 14, 14, 14, 14, 14, 14
ch052, 15, 15, 15, 15, 15, 15, 15, 15, 15, 15, 15, 15
ch054, 15, 15, 15, 15, 15, 15, 15, 15, 15, 15, 15, 15
ch056, 15, 15, 15, 15, 15, 15, 15, 15, 15, 15, 15, 15
ch058, 15, 15, 15, 15, 15, 15, 15, 15, 15, 15, 15, 15
ch060, 15, 15, 15, 15, 15, 15, 15, 15, 15, 15, 15, 15
ch062, 15, 15, 15, 15, 15, 15, 15, 15, 15, 15, 15, 15
ch064, 14, 14, 14, 14, 14, 14, 14, 14, 14, 14, 14, 14
ch100, 13, 13, 13, 13, 13, 13, 13, 13, 13, 13, 13, 13
ch102, 13, 13, 13, 13, 13, 13, 13, 13, 13, 13, 13, 13
ch104, 13, 13, 13, 13, 13, 13, 13, 13, 13, 13, 13, 13
ch106, 13, 13, 13, 13, 13, 13, 13, 13, 13, 13, 13, 13
ch108, 13, 13, 13, 13, 13, 13, 13, 13, 13, 13, 13, 13
ch110, 13, 13, 13, 13, 13, 13, 13, 13, 13, 13, 13, 13
ch112, 13, 13, 13, 13, 13, 13, 13, 13, 13, 13, 13, 13
ch116, 13, 13, 13, 13, 13, 13, 13, 13, 13, 13, 13, 13
ch118, 13, 13, 13, 13, 13, 13, 13, 13, 13, 13, 13, 13
ch120, 13, 13, 13, 13, 13, 13, 13, 13, 13, 13, 13, 13
ch122, 13, 13, 13, 13, 13, 13, 13, 13, 13, 13, 13, 13
ch124, 13, 13, 13, 13, 13, 13, 13, 13, 13, 13, 13, 13
ch126, 13, 13, 13, 13, 13, 13, 13, 13, 13, 13, 13, 13
ch128, 13, 13, 13, 13, 13, 13, 13, 13, 13, 13, 13, 13
ch132, 13, 13, 13, 13, 13, 13, 13, 13, 13, 13, 13, 13
ch134, 13, 13, 13, 13, 13, 13, 13, 13, 13, 13, 13, 13
ch136, 13, 13, 13, 13, 13, 13, 13, 13, 13, 13, 13, 13
ch138, 13, 13, 13, 13, 13, 13, 13, 13, 13, 13, 13, 13
ch140, 13, 13, 13, 13, 13, 13, 13, 13, 13, 13, 13, 13
ch142, 12, 12, 12, 12, 12, 12, 12, 12, 12, 12, 12, 12
ch144, 12, 12, 12, 12, 12, 12, 12, 12, 12, 12, 12, 12
ch149, 19, 19, 19, 19, 19, 19, 19, 19, 19, 19, 19, 19
ch151, 19, 19, 19, 19, 19, 19, 19, 19, 19, 19, 19, 19
ch153, 19, 19, 19, 19, 19, 19, 19, 19, 19, 19, 19, 19
ch155, 17, 17, 17, 17, 17, 17, 17, 17, 17, 17, 17, 17
ch157, 17, 17, 17, 17, 17, 17, 17, 17, 17, 17, 17, 17
ch159, 16, 16, 16, 16, 16, 16, 16, 16, 16, 16, 16, 16
ch161, 16, 16, 16, 16, 16, 16, 16, 16, 16, 16, 16, 16
ch165, 16, 16, 16, 16, 16, 16, 16, 16, 16, 16, 16, 16
</ru52>

<ru106, m0, m1, m2, m3, m4, m5, m6, m7, m8, m9, m10, m11>
ch001, 15, 15, 15, 15, 15, 15, 15, 15, 15, 15, 15, 15
ch002, 15, 15, 15, 15, 15, 15, 15, 15, 15, 15, 15, 15
ch003, 16, 16, 16, 16, 16, 16, 16, 16, 16, 16, 16, 16
ch004, 16, 16, 16, 16, 16, 16, 16, 16, 16, 16, 16, 16
ch005, 16, 16, 16, 16, 16, 16, 16, 16, 16, 16, 16, 16
ch006, 16, 16, 16, 16, 16, 16, 16, 16, 16, 16, 16, 16
ch007, 16, 16, 16, 16, 16, 16, 16, 16, 16, 16, 16, 16
ch008, 16, 16, 16, 16, 16, 16, 16, 16, 16, 16, 16, 16
ch009, 16, 16, 16, 16, 16, 16, 16, 16, 16, 16, 16, 16
ch010, 13, 13, 13, 13, 13, 13, 13, 13, 13, 13, 13, 13
ch011, 13, 13, 13, 13, 13, 13, 13, 13, 13, 13, 13, 13
ch012, 13, 13, 13, 13, 13, 13, 13, 13, 13, 13, 13, 13
ch013, 13, 13, 13, 13, 13, 13, 13, 13, 13, 13, 13, 13
ch014, x, x, x, x, x, x, x, x, x, x, x, x
ch036, 20, 20, 20, 20, 20, 20, 20, 20, 20, 20, 20, 20
ch038, 20, 20, 20, 20, 20, 20, 20, 20, 20, 20, 20, 20
ch040, 20, 20, 20, 20, 20, 20, 20, 20, 20, 20, 20, 20
ch042, 20, 20, 20, 20, 20, 20, 20, 20, 20, 20, 20, 20
ch044, 21, 21, 21, 21, 21, 21, 21, 21, 21, 21, 21, 21
ch046, 21, 21, 21, 21, 21, 21, 21, 21, 21, 21, 21, 21
ch048, 20, 20, 20, 20, 20, 20, 20, 20, 20, 20, 20, 20
ch052, 21, 21, 21, 21, 21, 21, 21, 21, 21, 21, 21, 21
ch054, 21, 21, 21, 21, 21, 21, 21, 21, 21, 21, 21, 21
ch056, 21, 21, 21, 21, 21, 21, 21, 21, 21, 21, 21, 21
ch058, 21, 21, 21, 21, 21, 21, 21, 21, 21, 21, 21, 21
ch060, 20, 20, 20, 20, 20, 20, 20, 20, 20, 20, 20, 20
ch062, 20, 20, 20, 20, 20, 20, 20, 20, 20, 20, 20, 20
ch064, 20, 20, 20, 20, 20, 20, 20, 20, 20, 20, 20, 20
ch100, 19, 19, 19, 19, 19, 19, 19, 19, 19, 19, 19, 19
ch102, 19, 19, 19, 19, 19, 19, 19, 19, 19, 19, 19, 19
ch104, 19, 19, 19, 19, 19, 19, 19, 19, 19, 19, 19, 19
ch106, 19, 19, 19, 19, 19, 19, 19, 19, 19, 19, 19, 19
ch108, 19, 19, 19, 19, 19, 19, 19, 19, 19, 19, 19, 19
ch110, 19, 19, 19, 19, 19, 19, 19, 19, 19, 19, 19, 19
ch112, 20, 20, 20, 20, 20, 20, 20, 20, 20, 20, 20, 20
ch116, 20, 20, 20, 20, 20, 20, 20, 20, 20, 20, 20, 20
ch118, 20, 20, 20, 20, 20, 20, 20, 20, 20, 20, 20, 20
ch120, 20, 20, 20, 20, 20, 20, 20, 20, 20, 20, 20, 20
ch122, 20, 20, 20, 20, 20, 20, 20, 20, 20, 20, 20, 20
ch124, 20, 20, 20, 20, 20, 20, 20, 20, 20, 20, 20, 20
ch126, 20, 20, 20, 20, 20, 20, 20, 20, 20, 20, 20, 20
ch128, 20, 20, 20, 20, 20, 20, 20, 20, 20, 20, 20, 20
ch132, 18, 18, 18, 18, 18, 18, 18, 18, 18, 18, 18, 18
ch134, 18, 18, 18, 18, 18, 18, 18, 18, 18, 18, 18, 18
ch136, 18, 18, 18, 18, 18, 18, 18, 18, 18, 18, 18, 18
ch138, 18, 18, 18, 18, 18, 18, 18, 18, 18, 18, 18, 18
ch140, 18, 18, 18, 18, 18, 18, 18, 18, 18, 18, 18, 18
ch142, 17, 17, 17, 17, 17, 17, 17, 17, 17, 17, 17, 17
ch144, 17, 17, 17, 17, 17, 17, 17, 17, 17, 17, 17, 17
ch149, 24, 24, 24, 24, 24, 24, 24, 24, 24, 24, 24, 24
ch151, 24, 24, 24, 24, 24, 24, 24, 24, 24, 24, 24, 24
ch153, 24, 24, 24, 24, 24, 24, 24, 24, 24, 24, 24, 24
ch155, 23, 23, 23, 23, 23, 23, 23, 23, 23, 23, 23, 23
ch157, 23, 23, 23, 23, 23, 23, 23, 23, 23, 23, 23, 23
ch159, 22, 22, 22, 22, 22, 22, 22, 22, 22, 22, 22, 22
ch161, 22, 22, 22, 22, 22, 22, 22, 22, 22, 22, 22, 22
ch165, 22, 22, 22, 22, 22, 22, 22, 22, 22, 22, 22, 22
</ru106>

<ru242, m0, m1, m2, m3, m4, m5, m6, m7, m8, m9, m10, m11>
ch001, 21, 21, 21, 21, 21, 21, 21, 21, 21, 21, 21, 21
ch002, 21, 21, 21, 21, 21, 21, 21, 21, 21, 21, 21, 21
ch003, 21, 21, 21, 21, 21, 21, 21, 21, 21, 21, 21, 21
ch004, 21, 21, 21, 21, 21, 21, 21, 21, 21, 21, 21, 21
ch005, 21, 21, 21, 21, 21, 21, 21, 21, 21, 21, 21, 21
ch006, 21, 21, 21, 21, 21, 21, 21, 21, 21, 21, 21, 21
ch007, 21, 21, 21, 21, 21, 21, 21, 21, 21, 21, 21, 21
ch008, 21, 21, 21, 21, 21, 21, 21, 21, 21, 21, 21, 21
ch009, 21, 21, 21, 21, 21, 21, 21, 21, 21, 21, 21, 21
ch010, 21, 21, 21, 21, 21, 21, 21, 21, 21, 21, 21, 21
ch011, 21, 21, 21, 21, 21, 21, 21, 21, 21, 21, 21, 21
ch012, 21, 21, 21, 21, 21, 21, 21, 21, 21, 21, 21, 21
ch013, 21, 21, 21, 21, 21, 21, 21, 21, 21, 21, 21, 21
ch014, x, x, x, x, x, x, x, x, x, x, x, x
ch036, 24, 24, 24, 24, 24, 24, 24, 24, 24, 24, 24, 24
ch038, 20, 20, 20, 20, 20, 20, 20, 20, 20, 20, 20, 20
ch040, 24, 24, 24, 24, 24, 24, 24, 24, 24, 24, 24, 24
ch042, 20, 20, 20, 20, 20, 20, 20, 20, 20, 20, 20, 20
ch044, 24, 24, 24, 24, 24, 24, 24, 24, 24, 24, 24, 24
ch046, 22, 22, 22, 22, 22, 22, 22, 22, 22, 22, 22, 22
ch048, 24, 24, 24, 24, 24, 24, 24, 24, 24, 24, 24, 24
ch052, 24, 24, 24, 24, 24, 24, 24, 24, 24, 24, 24, 24
ch054, 24, 24, 24, 24, 24, 24, 24, 24, 24, 24, 24, 24
ch056, 24, 24, 24, 24, 24, 24, 24, 24, 24, 24, 24, 24
ch058, 19, 19, 19, 19, 19, 19, 19, 19, 19, 19, 19, 19
ch060, 24, 24, 24, 24, 24, 24, 24, 24, 24, 24, 24, 24
ch062, 19, 19, 19, 19, 19, 19, 19, 19, 19, 19, 19, 19
ch064, 24, 24, 24, 24, 24, 24, 24, 24, 24, 24, 24, 24
ch100, 24, 24, 24, 24, 24, 24, 24, 24, 24, 24, 24, 24
ch102, 22, 22, 22, 22, 22, 22, 22, 22, 22, 22, 22, 22
ch104, 24, 24, 24, 24, 24, 24, 24, 24, 24, 24, 24, 24
ch106, 22, 22, 22, 22, 22, 22, 22, 22, 22, 22, 22, 22
ch108, 24, 24, 24, 24, 24, 24, 24, 24, 24, 24, 24, 24
ch110, 24, 24, 24, 24, 24, 24, 24, 24, 24, 24, 24, 24
ch112, 24, 24, 24, 24, 24, 24, 24, 24, 24, 24, 24, 24
ch116, 24, 24, 24, 24, 24, 24, 24, 24, 24, 24, 24, 24
ch118, 24, 24, 24, 24, 24, 24, 24, 24, 24, 24, 24, 24
ch120, 24, 24, 24, 24, 24, 24, 24, 24, 24, 24, 24, 24
ch122, 24, 24, 24, 24, 24, 24, 24, 24, 24, 24, 24, 24
ch124, 24, 24, 24, 24, 24, 24, 24, 24, 24, 24, 24, 24
ch126, 22, 22, 22, 22, 22, 22, 22, 22, 22, 22, 22, 22
ch128, 24, 24, 24, 24, 24, 24, 24, 24, 24, 24, 24, 24
ch132, 23, 23, 23, 23, 23, 23, 23, 23, 23, 23, 23, 23
ch134, 22, 22, 22, 22, 22, 22, 22, 22, 22, 22, 22, 22
ch136, 23, 23, 23, 23, 23, 23, 23, 23, 23, 23, 23, 23
ch138, 22, 22, 22, 22, 22, 22, 22, 22, 22, 22, 22, 22
ch140, 23, 23, 23, 23, 23, 23, 23, 23, 23, 23, 23, 23
ch142, 22, 22, 22, 22, 22, 22, 22, 22, 22, 22, 22, 22
ch144, 24, 24, 24, 24, 24, 24, 24, 24, 24, 24, 24, 24
ch149, 24, 24, 24, 24, 24, 24, 24, 24, 24, 24, 24, 24
ch151, 20, 20, 20, 20, 20, 20, 20, 20, 20, 20, 20, 20
ch153, 24, 24, 24, 24, 24, 24, 24, 24, 24, 24, 24, 24
ch155, 22, 22, 22, 22, 22, 22, 22, 22, 22, 22, 22, 22
ch157, 24, 24, 24, 24, 24, 24, 24, 24, 24, 24, 24, 24
ch159, 22, 22, 22, 22, 22, 22, 22, 22, 22, 22, 22, 22
ch161, 24, 24, 24, 24, 24, 24, 24, 24, 24, 24, 24, 24
ch165, 24, 24, 24, 24, 24, 24, 24, 24, 24, 24, 24, 24
</ru242>

<ru484, m0, m1, m2, m3, m4, m5, m6, m7, m8, m9, m10, m11>
ch038, 24, 24, 24, 24, 24, 24, 24, 24, 24, 24, 24, 24
ch042, 16, 16, 16, 16, 16, 16, 16, 16, 16, 16, 16, 16
ch046, 24, 24, 24, 24, 24, 24, 24, 24, 24, 24, 24, 24
ch054, 24, 24, 24, 24, 24, 24, 24, 24, 24, 24, 24, 24
ch058, 12, 12, 12, 12, 12, 12, 12, 12, 12, 12, 12, 12
ch062, 21, 21, 21, 21, 21, 21, 21, 21, 21, 21, 21, 21
ch102, 24, 24, 24, 24, 24, 24, 24, 24, 24, 24, 24, 24
ch106, 20, 20, 20, 20, 20, 20, 20, 20, 20, 20, 20, 20
ch110, 24, 24, 24, 24, 24, 24, 24, 24, 24, 24, 24, 24
ch118, 24, 24, 24, 24, 24, 24, 24, 24, 24, 24, 24, 24
ch122, 23, 23, 23, 23, 23, 23, 23, 23, 23, 23, 23, 23
ch126, 24, 24, 24, 24, 24, 24, 24, 24, 24, 24, 24, 24
ch134, 24, 24, 24, 24, 24, 24, 24, 24, 24, 24, 24, 24
ch138, 23, 23, 23, 23, 23, 23, 23, 23, 23, 23, 23, 23
ch142, 24, 24, 24, 24, 24, 24, 24, 24, 24, 24, 24, 24
ch151, 24, 24, 24, 24, 24, 24, 24, 24, 24, 24, 24, 24
ch155, 21, 21, 21, 21, 21, 21, 21, 21, 21, 21, 21, 21
ch159, 24, 24, 24, 24, 24, 24, 24, 24, 24, 24, 24, 24
</ru484>

<ru996, m0, m1, m2, m3, m4, m5, m6, m7, m8, m9, m10, m11> 
ch042, 19, 19, 19, 19, 19, 19, 19, 19, 19, 19, 19, 19
ch058, 17, 17, 17, 17, 17, 17, 17, 17, 17, 17, 17, 17
ch106, 23, 23, 23, 23, 23, 23, 23, 23, 23, 23, 23, 23
ch122, 24, 24, 24, 24, 24, 24, 24, 24, 24, 24, 24, 24
ch138, 24, 24, 24, 24, 24, 24, 24, 24, 24, 24, 24, 24
ch155, 24, 24, 24, 24, 24, 24, 24, 24, 24, 24, 24, 24
</ru996>

[JP]
<cck,  c1, c2, c5, c11>
ch001, 23, 23, 23, 23
ch002, 23, 23, 23, 23
ch003, 23, 23, 23, 23
ch004, 23, 23, 23, 23
ch005, 23, 23, 23, 23
ch006, 23, 23, 23, 23
ch007, 23, 23, 23, 23
ch008, 23, 23, 23, 23
ch009, 23, 23, 23, 23
ch010, 22, 22, 22, 22
ch011, 22, 22, 22, 22
ch012, 22, 22, 22, 22
ch013, 22, 22, 22, 22
ch014, x, x, x, x
</cck>

<ofdm, o6, o9, o12, o18, o24, o36, o48, o54>
ch001, 25, 25, 25, 25, 25, 25, 25, 25
ch002, 25, 25, 25, 25, 25, 25, 25, 25
ch003, 25, 25, 25, 25, 25, 25, 25, 25
ch004, 25, 25, 25, 25, 25, 25, 25, 25
ch005, 25, 25, 25, 25, 25, 25, 25, 25
ch006, 25, 25, 25, 25, 25, 25, 25, 25
ch007, 25, 25, 25, 25, 25, 25, 25, 25
ch008, 25, 25, 25, 25, 25, 25, 25, 25
ch009, 25, 25, 25, 25, 25, 25, 25, 25
ch010, 25, 25, 25, 25, 25, 25, 25, 25
ch011, 25, 25, 25, 25, 25, 25, 25, 25
ch012, 25, 25, 25, 25, 25, 25, 25, 25
ch013, 25, 25, 25, 25, 25, 25, 25, 25
ch014, x, x, x, x, x, x, x, x
ch036, 21, 21, 21, 21, 21, 21, 21, 21
ch038, 21, 21, 21, 21, 21, 21, 21, 21
ch040, 21, 21, 21, 21, 21, 21, 21, 21
ch042, 21, 21, 21, 21, 21, 21, 21, 21
ch044, 21, 21, 21, 21, 21, 21, 21, 21
ch046, 21, 21, 21, 21, 21, 21, 21, 21
ch048, 21, 21, 21, 21, 21, 21, 21, 21
ch052, 14, 14, 14, 14, 14, 14, 14, 14
ch054, 14, 14, 14, 14, 14, 14, 14, 14
ch056, 14, 14, 14, 14, 14, 14, 14, 14
ch058, 14, 14, 14, 14, 14, 14, 14, 14
ch060, 14, 14, 14, 14, 14, 14, 14, 14
ch062, 14, 14, 14, 14, 14, 14, 14, 14
ch064, 14, 14, 14, 14, 14, 14, 14, 14
ch100, 24, 24, 24, 24, 24, 24, 24, 24
ch102, 24, 24, 24, 24, 24, 24, 24, 24
ch104, 24, 24, 24, 24, 24, 24, 24, 24
ch106, 24, 24, 24, 24, 24, 24, 24, 24
ch108, 24, 24, 24, 24, 24, 24, 24, 24
ch110, 24, 24, 24, 24, 24, 24, 24, 24
ch112, 24, 24, 24, 24, 24, 24, 24, 24
ch116, 24, 24, 24, 24, 24, 24, 24, 24
ch118, 24, 24, 24, 24, 24, 24, 24, 24
ch120, 24, 24, 24, 24, 24, 24, 24, 24
ch122, 24, 24, 24, 24, 24, 24, 24, 24
ch124, 24, 24, 24, 24, 24, 24, 24, 24
ch126, 24, 24, 24, 24, 24, 24, 24, 24
ch128, 24, 24, 24, 24, 24, 24, 24, 24
ch132, 24, 24, 24, 24, 24, 24, 24, 24
ch134, 24, 24, 24, 24, 24, 24, 24, 24
ch136, 24, 24, 24, 24, 24, 24, 24, 24
ch138, 24, 24, 24, 24, 24, 24, 24, 24
ch140, 24, 24, 24, 24, 24, 24, 24, 24
ch142, 24, 24, 24, 24, 24, 24, 24, 24
ch144, 24, 24, 24, 24, 24, 24, 24, 24
ch149, x, x, x, x, x, x, x, x
ch151, x, x, x, x, x, x, x, x
ch153, x, x, x, x, x, x, x, x
ch155, x, x, x, x, x, x, x, x
ch157, x, x, x, x, x, x, x, x
ch159, x, x, x, x, x, x, x, x
ch161, x, x, x, x, x, x, x, x
ch165, x, x, x, x, x, x, x, x
</ofdm>

<ht20, m0, m1, m2, m3, m4, m5, m6, m7>
ch001, 25, 25, 25, 25, 25, 25, 25, 25
ch002, 25, 25, 25, 25, 25, 25, 25, 25
ch003, 25, 25, 25, 25, 25, 25, 25, 25
ch004, 25, 25, 25, 25, 25, 25, 25, 25
ch005, 25, 25, 25, 25, 25, 25, 25, 25
ch006, 25, 25, 25, 25, 25, 25, 25, 25
ch007, 25, 25, 25, 25, 25, 25, 25, 25
ch008, 25, 25, 25, 25, 25, 25, 25, 25
ch009, 25, 25, 25, 25, 25, 25, 25, 25
ch010, 25, 25, 25, 25, 25, 25, 25, 25
ch011, 25, 25, 25, 25, 25, 25, 25, 25
ch012, 25, 25, 25, 25, 25, 25, 25, 25
ch013, 25, 25, 25, 25, 25, 25, 25, 25
ch014, x, x, x, x, x, x, x, x
ch036, 21, 21, 21, 21, 21, 21, 21, 21
ch038, 21, 21, 21, 21, 21, 21, 21, 21
ch040, 21, 21, 21, 21, 21, 21, 21, 21
ch042, 21, 21, 21, 21, 21, 21, 21, 21
ch044, 21, 21, 21, 21, 21, 21, 21, 21
ch046, 21, 21, 21, 21, 21, 21, 21, 21
ch048, 21, 21, 21, 21, 21, 21, 21, 21
ch052, 15, 15, 15, 15, 15, 15, 15, 15
ch054, 15, 15, 15, 15, 15, 15, 15, 15
ch056, 15, 15, 15, 15, 15, 15, 15, 15
ch058, 15, 15, 15, 15, 15, 15, 15, 15
ch060, 15, 15, 15, 15, 15, 15, 15, 15
ch062, 15, 15, 15, 15, 15, 15, 15, 15
ch064, 15, 15, 15, 15, 15, 15, 15, 15
ch100, 24, 24, 24, 24, 24, 24, 24, 24
ch102, 24, 24, 24, 24, 24, 24, 24, 24
ch104, 24, 24, 24, 24, 24, 24, 24, 24
ch106, 24, 24, 24, 24, 24, 24, 24, 24
ch108, 24, 24, 24, 24, 24, 24, 24, 24
ch110, 24, 24, 24, 24, 24, 24, 24, 24
ch112, 24, 24, 24, 24, 24, 24, 24, 24
ch116, 24, 24, 24, 24, 24, 24, 24, 24
ch118, 24, 24, 24, 24, 24, 24, 24, 24
ch120, 24, 24, 24, 24, 24, 24, 24, 24
ch122, 24, 24, 24, 24, 24, 24, 24, 24
ch124, 24, 24, 24, 24, 24, 24, 24, 24
ch126, 24, 24, 24, 24, 24, 24, 24, 24
ch128, 24, 24, 24, 24, 24, 24, 24, 24
ch132, 24, 24, 24, 24, 24, 24, 24, 24
ch134, 24, 24, 24, 24, 24, 24, 24, 24
ch136, 24, 24, 24, 24, 24, 24, 24, 24
ch138, 24, 24, 24, 24, 24, 24, 24, 24
ch140, 24, 24, 24, 24, 24, 24, 24, 24
ch142, 24, 24, 24, 24, 24, 24, 24, 24
ch144, 24, 24, 24, 24, 24, 24, 24, 24
ch149, x, x, x, x, x, x, x, x
ch151, x, x, x, x, x, x, x, x
ch153, x, x, x, x, x, x, x, x
ch155, x, x, x, x, x, x, x, x
ch157, x, x, x, x, x, x, x, x
ch159, x, x, x, x, x, x, x, x
ch161, x, x, x, x, x, x, x, x
ch165, x, x, x, x, x, x, x, x
</ht20>

<ht40, m0, m1, m2, m3, m4, m5, m6, m7> 
ch038, 19, 19, 19, 19, 19, 19, 19, 19, 19
ch042, 19, 19, 19, 19, 19, 19, 19, 19, 19
ch046, 19, 19, 19, 19, 19, 19, 19, 19, 19
ch054, 13, 13, 13, 13, 13, 13, 13, 13, 13
ch058, 13, 13, 13, 13, 13, 13, 13, 13, 13
ch062, 13, 13, 13, 13, 13, 13, 13, 13, 13
ch102, 24, 24, 24, 24, 24, 24, 24, 24, 24
ch106, 24, 24, 24, 24, 24, 24, 24, 24, 24
ch110, 24, 24, 24, 24, 24, 24, 24, 24, 24
ch118, 24, 24, 24, 24, 24, 24, 24, 24, 24
ch122, 24, 24, 24, 24, 24, 24, 24, 24, 24
ch126, 24, 24, 24, 24, 24, 24, 24, 24, 24
ch134, 24, 24, 24, 24, 24, 24, 24, 24, 24
ch138, 24, 24, 24, 24, 24, 24, 24, 24, 24
ch142, 24, 24, 24, 24, 24, 24, 24, 24, 24
ch151, x, x, x, x, x, x, x, x, x
ch155, x, x, x, x, x, x, x, x, x
ch159, x, x, x, x, x, x, x, x, x
</ht40>

<vht20, m0, m1, m2, m3, m4, m5, m6, m7, m8, m9>
ch036, 21, 21, 21, 21, 21, 21, 21, 21, 21, 21
ch038, 21, 21, 21, 21, 21, 21, 21, 21, 21, 21
ch040, 21, 21, 21, 21, 21, 21, 21, 21, 21, 21
ch042, 21, 21, 21, 21, 21, 21, 21, 21, 21, 21
ch044, 21, 21, 21, 21, 21, 21, 21, 21, 21, 21
ch046, 21, 21, 21, 21, 21, 21, 21, 21, 21, 21
ch048, 21, 21, 21, 21, 21, 21, 21, 21, 21, 21
ch052, 15, 15, 15, 15, 15, 15, 15, 15, 15, 15
ch054, 15, 15, 15, 15, 15, 15, 15, 15, 15, 15
ch056, 15, 15, 15, 15, 15, 15, 15, 15, 15, 15
ch058, 15, 15, 15, 15, 15, 15, 15, 15, 15, 15
ch060, 15, 15, 15, 15, 15, 15, 15, 15, 15, 15
ch062, 15, 15, 15, 15, 15, 15, 15, 15, 15, 15
ch064, 15, 15, 15, 15, 15, 15, 15, 15, 15, 15
ch100, 24, 24, 24, 24, 24, 24, 24, 24, 24, 24
ch102, 24, 24, 24, 24, 24, 24, 24, 24, 24, 24
ch104, 24, 24, 24, 24, 24, 24, 24, 24, 24, 24
ch106, 24, 24, 24, 24, 24, 24, 24, 24, 24, 24
ch108, 24, 24, 24, 24, 24, 24, 24, 24, 24, 24
ch110, 24, 24, 24, 24, 24, 24, 24, 24, 24, 24
ch112, 24, 24, 24, 24, 24, 24, 24, 24, 24, 24
ch116, 24, 24, 24, 24, 24, 24, 24, 24, 24, 24
ch118, 24, 24, 24, 24, 24, 24, 24, 24, 24, 24
ch120, 24, 24, 24, 24, 24, 24, 24, 24, 24, 24
ch122, 24, 24, 24, 24, 24, 24, 24, 24, 24, 24
ch124, 24, 24, 24, 24, 24, 24, 24, 24, 24, 24
ch126, 24, 24, 24, 24, 24, 24, 24, 24, 24, 24
ch128, 24, 24, 24, 24, 24, 24, 24, 24, 24, 24
ch132, 24, 24, 24, 24, 24, 24, 24, 24, 24, 24
ch134, 24, 24, 24, 24, 24, 24, 24, 24, 24, 24
ch136, 24, 24, 24, 24, 24, 24, 24, 24, 24, 24
ch138, 24, 24, 24, 24, 24, 24, 24, 24, 24, 24
ch140, 24, 24, 24, 24, 24, 24, 24, 24, 24, 24
ch142, 24, 24, 24, 24, 24, 24, 24, 24, 24, 24
ch144, 24, 24, 24, 24, 24, 24, 24, 24, 24, 24
ch149, x, x, x, x, x, x, x, x, x, x
ch151, x, x, x, x, x, x, x, x, x, x
ch153, x, x, x, x, x, x, x, x, x, x
ch155, x, x, x, x, x, x, x, x, x, x
ch157, x, x, x, x, x, x, x, x, x, x
ch159, x, x, x, x, x, x, x, x, x, x
ch161, x, x, x, x, x, x, x, x, x, x
ch165, x, x, x, x, x, x, x, x, x, x
</vht20>

<vht40, m0, m1, m2, m3, m4, m5, m6, m7, m8, m9>
ch038, 19, 19, 19, 19, 19, 19, 19, 19, 19, 19
ch042, 19, 19, 19, 19, 19, 19, 19, 19, 19, 19
ch046, 19, 19, 19, 19, 19, 19, 19, 19, 19, 19
ch054, 13, 13, 13, 13, 13, 13, 13, 13, 13, 13
ch058, 13, 13, 13, 13, 13, 13, 13, 13, 13, 13
ch062, 13, 13, 13, 13, 13, 13, 13, 13, 13, 13
ch102, 24, 24, 24, 24, 24, 24, 24, 24, 24, 24
ch106, 24, 24, 24, 24, 24, 24, 24, 24, 24, 24
ch110, 24, 24, 24, 24, 24, 24, 24, 24, 24, 24
ch118, 24, 24, 24, 24, 24, 24, 24, 24, 24, 24
ch122, 24, 24, 24, 24, 24, 24, 24, 24, 24, 24
ch126, 24, 24, 24, 24, 24, 24, 24, 24, 24, 24
ch134, 24, 24, 24, 24, 24, 24, 24, 24, 24, 24
ch138, 24, 24, 24, 24, 24, 24, 24, 24, 24, 24
ch142, 24, 24, 24, 24, 24, 24, 24, 24, 24, 24
ch151, x, x, x, x, x, x, x, x, x, x
ch155, x, x, x, x, x, x, x, x, x, x
ch159, x, x, x, x, x, x, x, x, x, x
</vht40>

<vht80, m0, m1, m2, m3, m4, m5, m6, m7, m8, m9> 
ch042, 20, 20, 20, 20, 20, 20, 20, 20, 20, 20
ch058, 14, 14, 14, 14, 14, 14, 14, 14, 14, 14
ch106, 24, 24, 24, 24, 24, 24, 24, 24, 24, 24
ch122, 24, 24, 24, 24, 24, 24, 24, 24, 24, 24
ch138, 24, 24, 24, 24, 24, 24, 24, 24, 24, 24
ch155, x, x, x, x, x, x, x, x, x, x
</vht80>

<ru26, m0, m1, m2, m3, m4, m5, m6, m7, m8, m9, m10, m11>
ch001, 7, 7, 7, 7, 7, 7, 7, 7, 7, 7, 7, 7
ch002, 7, 7, 7, 7, 7, 7, 7, 7, 7, 7, 7, 7
ch003, 10, 10, 10, 10, 10, 10, 10, 10, 10, 10, 10, 10
ch004, 10, 10, 10, 10, 10, 10, 10, 10, 10, 10, 10, 10
ch005, 10, 10, 10, 10, 10, 10, 10, 10, 10, 10, 10, 10
ch006, 10, 10, 10, 10, 10, 10, 10, 10, 10, 10, 10, 10
ch007, 10, 10, 10, 10, 10, 10, 10, 10, 10, 10, 10, 10
ch008, 10, 10, 10, 10, 10, 10, 10, 10, 10, 10, 10, 10
ch009, 10, 10, 10, 10, 10, 10, 10, 10, 10, 10, 10, 10
ch010, 7, 7, 7, 7, 7, 7, 7, 7, 7, 7, 7, 7
ch011, 7, 7, 7, 7, 7, 7, 7, 7, 7, 7, 7, 7
ch012, 7, 7, 7, 7, 7, 7, 7, 7, 7, 7, 7, 7
ch013, 7, 7, 7, 7, 7, 7, 7, 7, 7, 7, 7, 7
ch014, x, x, x, x, x, x, x, x, x, x, x, x
ch036, 5, 5, 5, 5, 5, 5, 5, 5, 5, 5, 5, 5
ch038, 5, 5, 5, 5, 5, 5, 5, 5, 5, 5, 5, 5
ch040, 6, 6, 6, 6, 6, 6, 6, 6, 6, 6, 6, 6
ch042, 6, 6, 6, 6, 6, 6, 6, 6, 6, 6, 6, 6
ch044, 6, 6, 6, 6, 6, 6, 6, 6, 6, 6, 6, 6
ch046, 6, 6, 6, 6, 6, 6, 6, 6, 6, 6, 6, 6
ch048, 4, 4, 4, 4, 4, 4, 4, 4, 4, 4, 4, 4
ch052, -1, -1, -1, -1, -1, -1, -1, -1, -1, -1, -1, -1
ch054, -1, -1, -1, -1, -1, -1, -1, -1, -1, -1, -1, -1
ch056, 2, 2, 2, 2, 2, 2, 2, 2, 2, 2, 2, 2
ch058, 2, 2, 2, 2, 2, 2, 2, 2, 2, 2, 2, 2
ch060, 2, 2, 2, 2, 2, 2, 2, 2, 2, 2, 2, 2
ch062, 2, 2, 2, 2, 2, 2, 2, 2, 2, 2, 2, 2
ch064, -1, -1, -1, -1, -1, -1, -1, -1, -1, -1, -1, -1
ch100, 8, 8, 8, 8, 8, 8, 8, 8, 8, 8, 8, 8
ch102, 8, 8, 8, 8, 8, 8, 8, 8, 8, 8, 8, 8
ch104, 8, 8, 8, 8, 8, 8, 8, 8, 8, 8, 8, 8
ch106, 8, 8, 8, 8, 8, 8, 8, 8, 8, 8, 8, 8
ch108, 8, 8, 8, 8, 8, 8, 8, 8, 8, 8, 8, 8
ch110, 8, 8, 8, 8, 8, 8, 8, 8, 8, 8, 8, 8
ch112, 8, 8, 8, 8, 8, 8, 8, 8, 8, 8, 8, 8
ch116, 9, 9, 9, 9, 9, 9, 9, 9, 9, 9, 9, 9
ch118, 9, 9, 9, 9, 9, 9, 9, 9, 9, 9, 9, 9
ch120, 9, 9, 9, 9, 9, 9, 9, 9, 9, 9, 9, 9
ch122, 9, 9, 9, 9, 9, 9, 9, 9, 9, 9, 9, 9
ch124, 9, 9, 9, 9, 9, 9, 9, 9, 9, 9, 9, 9
ch126, 9, 9, 9, 9, 9, 9, 9, 9, 9, 9, 9, 9
ch128, 9, 9, 9, 9, 9, 9, 9, 9, 9, 9, 9, 9
ch132, 7, 7, 7, 7, 7, 7, 7, 7, 7, 7, 7, 7
ch134, 7, 7, 7, 7, 7, 7, 7, 7, 7, 7, 7, 7
ch136, 7, 7, 7, 7, 7, 7, 7, 7, 7, 7, 7, 7
ch138, 7, 7, 7, 7, 7, 7, 7, 7, 7, 7, 7, 7
ch140, 7, 7, 7, 7, 7, 7, 7, 7, 7, 7, 7, 7
ch142, 7, 7, 7, 7, 7, 7, 7, 7, 7, 7, 7, 7
ch144, 7, 7, 7, 7, 7, 7, 7, 7, 7, 7, 7, 7
ch149, x, x, x, x, x, x, x, x, x, x, x, x
ch151, x, x, x, x, x, x, x, x, x, x, x, x
ch153, x, x, x, x, x, x, x, x, x, x, x, x
ch155, x, x, x, x, x, x, x, x, x, x, x, x
ch157, x, x, x, x, x, x, x, x, x, x, x, x
ch159, x, x, x, x, x, x, x, x, x, x, x, x
ch161, x, x, x, x, x, x, x, x, x, x, x, x
ch165, x, x, x, x, x, x, x, x, x, x, x, x
</ru26>

<ru52, m0, m1, m2, m3, m4, m5, m6, m7, m8, m9, m10, m11>
ch001, 13, 13, 13, 13, 13, 13, 13, 13, 13, 13, 13, 13
ch002, 13, 13, 13, 13, 13, 13, 13, 13, 13, 13, 13, 13
ch003, 13, 13, 13, 13, 13, 13, 13, 13, 13, 13, 13, 13
ch004, 13, 13, 13, 13, 13, 13, 13, 13, 13, 13, 13, 13
ch005, 13, 13, 13, 13, 13, 13, 13, 13, 13, 13, 13, 13
ch006, 13, 13, 13, 13, 13, 13, 13, 13, 13, 13, 13, 13
ch007, 13, 13, 13, 13, 13, 13, 13, 13, 13, 13, 13, 13
ch008, 13, 13, 13, 13, 13, 13, 13, 13, 13, 13, 13, 13
ch009, 13, 13, 13, 13, 13, 13, 13, 13, 13, 13, 13, 13
ch010, 12, 12, 12, 12, 12, 12, 12, 12, 12, 12, 12, 12
ch011, 12, 12, 12, 12, 12, 12, 12, 12, 12, 12, 12, 12
ch012, 12, 12, 12, 12, 12, 12, 12, 12, 12, 12, 12, 12
ch013, 12, 12, 12, 12, 12, 12, 12, 12, 12, 12, 12, 12
ch014, x, x, x, x, x, x, x, x, x, x, x, x
ch036, 10, 10, 10, 10, 10, 10, 10, 10, 10, 10, 10, 10
ch038, 10, 10, 10, 10, 10, 10, 10, 10, 10, 10, 10, 10
ch040, 9, 9, 9, 9, 9, 9, 9, 9, 9, 9, 9, 9
ch042, 9, 9, 9, 9, 9, 9, 9, 9, 9, 9, 9, 9
ch044, 9, 9, 9, 9, 9, 9, 9, 9, 9, 9, 9, 9
ch046, 9, 9, 9, 9, 9, 9, 9, 9, 9, 9, 9, 9
ch048, 10, 10, 10, 10, 10, 10, 10, 10, 10, 10, 10, 10
ch052, 4, 4, 4, 4, 4, 4, 4, 4, 4, 4, 4, 4
ch054, 4, 4, 4, 4, 4, 4, 4, 4, 4, 4, 4, 4
ch056, 5, 5, 5, 5, 5, 5, 5, 5, 5, 5, 5, 5
ch058, 5, 5, 5, 5, 5, 5, 5, 5, 5, 5, 5, 5
ch060, 4, 4, 4, 4, 4, 4, 4, 4, 4, 4, 4, 4
ch062, 4, 4, 4, 4, 4, 4, 4, 4, 4, 4, 4, 4
ch064, 4, 4, 4, 4, 4, 4, 4, 4, 4, 4, 4, 4
ch100, 13, 13, 13, 13, 13, 13, 13, 13, 13, 13, 13, 13
ch102, 13, 13, 13, 13, 13, 13, 13, 13, 13, 13, 13, 13
ch104, 13, 13, 13, 13, 13, 13, 13, 13, 13, 13, 13, 13
ch106, 13, 13, 13, 13, 13, 13, 13, 13, 13, 13, 13, 13
ch108, 13, 13, 13, 13, 13, 13, 13, 13, 13, 13, 13, 13
ch110, 13, 13, 13, 13, 13, 13, 13, 13, 13, 13, 13, 13
ch112, 13, 13, 13, 13, 13, 13, 13, 13, 13, 13, 13, 13
ch116, 13, 13, 13, 13, 13, 13, 13, 13, 13, 13, 13, 13
ch118, 13, 13, 13, 13, 13, 13, 13, 13, 13, 13, 13, 13
ch120, 13, 13, 13, 13, 13, 13, 13, 13, 13, 13, 13, 13
ch122, 13, 13, 13, 13, 13, 13, 13, 13, 13, 13, 13, 13
ch124, 13, 13, 13, 13, 13, 13, 13, 13, 13, 13, 13, 13
ch126, 13, 13, 13, 13, 13, 13, 13, 13, 13, 13, 13, 13
ch128, 13, 13, 13, 13, 13, 13, 13, 13, 13, 13, 13, 13
ch132, 13, 13, 13, 13, 13, 13, 13, 13, 13, 13, 13, 13
ch134, 13, 13, 13, 13, 13, 13, 13, 13, 13, 13, 13, 13
ch136, 13, 13, 13, 13, 13, 13, 13, 13, 13, 13, 13, 13
ch138, 13, 13, 13, 13, 13, 13, 13, 13, 13, 13, 13, 13
ch140, 13, 13, 13, 13, 13, 13, 13, 13, 13, 13, 13, 13
ch142, 13, 13, 13, 13, 13, 13, 13, 13, 13, 13, 13, 13
ch144, 13, 13, 13, 13, 13, 13, 13, 13, 13, 13, 13, 13
ch149, x, x, x, x, x, x, x, x, x, x, x, x
ch151, x, x, x, x, x, x, x, x, x, x, x, x
ch153, x, x, x, x, x, x, x, x, x, x, x, x
ch155, x, x, x, x, x, x, x, x, x, x, x, x
ch157, x, x, x, x, x, x, x, x, x, x, x, x
ch159, x, x, x, x, x, x, x, x, x, x, x, x
ch161, x, x, x, x, x, x, x, x, x, x, x, x
ch165, x, x, x, x, x, x, x, x, x, x, x, x
</ru52>

<ru106, m0, m1, m2, m3, m4, m5, m6, m7, m8, m9, m10, m11>
ch001, 19, 19, 19, 19, 19, 19, 19, 19, 19, 19, 19, 19
ch002, 19, 19, 19, 19, 19, 19, 19, 19, 19, 19, 19, 19
ch003, 19, 19, 19, 19, 19, 19, 19, 19, 19, 19, 19, 19
ch004, 19, 19, 19, 19, 19, 19, 19, 19, 19, 19, 19, 19
ch005, 19, 19, 19, 19, 19, 19, 19, 19, 19, 19, 19, 19
ch006, 19, 19, 19, 19, 19, 19, 19, 19, 19, 19, 19, 19
ch007, 19, 19, 19, 19, 19, 19, 19, 19, 19, 19, 19, 19
ch008, 19, 19, 19, 19, 19, 19, 19, 19, 19, 19, 19, 19
ch009, 19, 19, 19, 19, 19, 19, 19, 19, 19, 19, 19, 19
ch010, 18, 18, 18, 18, 18, 18, 18, 18, 18, 18, 18, 18
ch011, 18, 18, 18, 18, 18, 18, 18, 18, 18, 18, 18, 18
ch012, 18, 18, 18, 18, 18, 18, 18, 18, 18, 18, 18, 18
ch013, 18, 18, 18, 18, 18, 18, 18, 18, 18, 18, 18, 18
ch014, x, x, x, x, x, x, x, x, x, x, x, x
ch036, 16, 16, 16, 16, 16, 16, 16, 16, 16, 16, 16, 16
ch038, 16, 16, 16, 16, 16, 16, 16, 16, 16, 16, 16, 16
ch040, 15, 15, 15, 15, 15, 15, 15, 15, 15, 15, 15, 15
ch042, 15, 15, 15, 15, 15, 15, 15, 15, 15, 15, 15, 15
ch044, 15, 15, 15, 15, 15, 15, 15, 15, 15, 15, 15, 15
ch046, 15, 15, 15, 15, 15, 15, 15, 15, 15, 15, 15, 15
ch048, 15, 15, 15, 15, 15, 15, 15, 15, 15, 15, 15, 15
ch052, 9, 9, 9, 9, 9, 9, 9, 9, 9, 9, 9, 9
ch054, 9, 9, 9, 9, 9, 9, 9, 9, 9, 9, 9, 9
ch056, 11, 11, 11, 11, 11, 11, 11, 11, 11, 11, 11, 11
ch058, 11, 11, 11, 11, 11, 11, 11, 11, 11, 11, 11, 11
ch060, 10, 10, 10, 10, 10, 10, 10, 10, 10, 10, 10, 10
ch062, 10, 10, 10, 10, 10, 10, 10, 10, 10, 10, 10, 10
ch064, 9, 9, 9, 9, 9, 9, 9, 9, 9, 9, 9, 9
ch100, 19, 19, 19, 19, 19, 19, 19, 19, 19, 19, 19, 19
ch102, 19, 19, 19, 19, 19, 19, 19, 19, 19, 19, 19, 19
ch104, 19, 19, 19, 19, 19, 19, 19, 19, 19, 19, 19, 19
ch106, 19, 19, 19, 19, 19, 19, 19, 19, 19, 19, 19, 19
ch108, 19, 19, 19, 19, 19, 19, 19, 19, 19, 19, 19, 19
ch110, 19, 19, 19, 19, 19, 19, 19, 19, 19, 19, 19, 19
ch112, 19, 19, 19, 19, 19, 19, 19, 19, 19, 19, 19, 19
ch116, 19, 19, 19, 19, 19, 19, 19, 19, 19, 19, 19, 19
ch118, 19, 19, 19, 19, 19, 19, 19, 19, 19, 19, 19, 19
ch120, 19, 19, 19, 19, 19, 19, 19, 19, 19, 19, 19, 19
ch122, 19, 19, 19, 19, 19, 19, 19, 19, 19, 19, 19, 19
ch124, 19, 19, 19, 19, 19, 19, 19, 19, 19, 19, 19, 19
ch126, 19, 19, 19, 19, 19, 19, 19, 19, 19, 19, 19, 19
ch128, 19, 19, 19, 19, 19, 19, 19, 19, 19, 19, 19, 19
ch132, 19, 19, 19, 19, 19, 19, 19, 19, 19, 19, 19, 19
ch134, 19, 19, 19, 19, 19, 19, 19, 19, 19, 19, 19, 19
ch136, 19, 19, 19, 19, 19, 19, 19, 19, 19, 19, 19, 19
ch138, 19, 19, 19, 19, 19, 19, 19, 19, 19, 19, 19, 19
ch140, 19, 19, 19, 19, 19, 19, 19, 19, 19, 19, 19, 19
ch142, 19, 19, 19, 19, 19, 19, 19, 19, 19, 19, 19, 19
ch144, 19, 19, 19, 19, 19, 19, 19, 19, 19, 19, 19, 19
ch149, x, x, x, x, x, x, x, x, x, x, x, x
ch151, x, x, x, x, x, x, x, x, x, x, x, x
ch153, x, x, x, x, x, x, x, x, x, x, x, x
ch155, x, x, x, x, x, x, x, x, x, x, x, x
ch157, x, x, x, x, x, x, x, x, x, x, x, x
ch159, x, x, x, x, x, x, x, x, x, x, x, x
ch161, x, x, x, x, x, x, x, x, x, x, x, x
ch165, x, x, x, x, x, x, x, x, x, x, x, x
</ru106>

<ru242, m0, m1, m2, m3, m4, m5, m6, m7, m8, m9, m10, m11>
ch001, 25, 25, 25, 25, 25, 25, 25, 25, 25, 25, 25, 25
ch002, 25, 25, 25, 25, 25, 25, 25, 25, 25, 25, 25, 25
ch003, 25, 25, 25, 25, 25, 25, 25, 25, 25, 25, 25, 25
ch004, 25, 25, 25, 25, 25, 25, 25, 25, 25, 25, 25, 25
ch005, 25, 25, 25, 25, 25, 25, 25, 25, 25, 25, 25, 25
ch006, 25, 25, 25, 25, 25, 25, 25, 25, 25, 25, 25, 25
ch007, 25, 25, 25, 25, 25, 25, 25, 25, 25, 25, 25, 25
ch008, 25, 25, 25, 25, 25, 25, 25, 25, 25, 25, 25, 25
ch009, 25, 25, 25, 25, 25, 25, 25, 25, 25, 25, 25, 25
ch010, 25, 25, 25, 25, 25, 25, 25, 25, 25, 25, 25, 25
ch011, 25, 25, 25, 25, 25, 25, 25, 25, 25, 25, 25, 25
ch012, 25, 25, 25, 25, 25, 25, 25, 25, 25, 25, 25, 25
ch013, 25, 25, 25, 25, 25, 25, 25, 25, 25, 25, 25, 25
ch014, x, x, x, x, x, x, x, x, x, x, x, x
ch036, 22, 22, 22, 22, 22, 22, 22, 22, 22, 22, 22, 22
ch038, 14, 14, 14, 14, 14, 14, 14, 14, 14, 14, 14, 14
ch040, 22, 22, 22, 22, 22, 22, 22, 22, 22, 22, 22, 22
ch042, 14, 14, 14, 14, 14, 14, 14, 14, 14, 14, 14, 14
ch044, 22, 22, 22, 22, 22, 22, 22, 22, 22, 22, 22, 22
ch046, 15, 15, 15, 15, 15, 15, 15, 15, 15, 15, 15, 15
ch048, 22, 22, 22, 22, 22, 22, 22, 22, 22, 22, 22, 22
ch052, 15, 15, 15, 15, 15, 15, 15, 15, 15, 15, 15, 15
ch054, 7, 7, 7, 7, 7, 7, 7, 7, 7, 7, 7, 7
ch056, 16, 16, 16, 16, 16, 16, 16, 16, 16, 16, 16, 16
ch058, 7, 7, 7, 7, 7, 7, 7, 7, 7, 7, 7, 7
ch060, 16, 16, 16, 16, 16, 16, 16, 16, 16, 16, 16, 16
ch062, 6, 6, 6, 6, 6, 6, 6, 6, 6, 6, 6, 6
ch064, 16, 16, 16, 16, 16, 16, 16, 16, 16, 16, 16, 16
ch100, 24, 24, 24, 24, 24, 24, 24, 24, 24, 24, 24, 24
ch102, 20, 20, 20, 20, 20, 20, 20, 20, 20, 20, 20, 20
ch104, 24, 24, 24, 24, 24, 24, 24, 24, 24, 24, 24, 24
ch106, 20, 20, 20, 20, 20, 20, 20, 20, 20, 20, 20, 20
ch108, 24, 24, 24, 24, 24, 24, 24, 24, 24, 24, 24, 24
ch110, 20, 20, 20, 20, 20, 20, 20, 20, 20, 20, 20, 20
ch112, 24, 24, 24, 24, 24, 24, 24, 24, 24, 24, 24, 24
ch116, 24, 24, 24, 24, 24, 24, 24, 24, 24, 24, 24, 24
ch118, 19, 19, 19, 19, 19, 19, 19, 19, 19, 19, 19, 19
ch120, 24, 24, 24, 24, 24, 24, 24, 24, 24, 24, 24, 24
ch122, 19, 19, 19, 19, 19, 19, 19, 19, 19, 19, 19, 19
ch124, 24, 24, 24, 24, 24, 24, 24, 24, 24, 24, 24, 24
ch126, 19, 19, 19, 19, 19, 19, 19, 19, 19, 19, 19, 19
ch128, 24, 24, 24, 24, 24, 24, 24, 24, 24, 24, 24, 24
ch132, 24, 24, 24, 24, 24, 24, 24, 24, 24, 24, 24, 24
ch134, 20, 20, 20, 20, 20, 20, 20, 20, 20, 20, 20, 20
ch136, 24, 24, 24, 24, 24, 24, 24, 24, 24, 24, 24, 24
ch138, 20, 20, 20, 20, 20, 20, 20, 20, 20, 20, 20, 20
ch140, 24, 24, 24, 24, 24, 24, 24, 24, 24, 24, 24, 24
ch142, 20, 20, 20, 20, 20, 20, 20, 20, 20, 20, 20, 20
ch144, 24, 24, 24, 24, 24, 24, 24, 24, 24, 24, 24, 24
ch149, x, x, x, x, x, x, x, x, x, x, x, x
ch151, x, x, x, x, x, x, x, x, x, x, x, x
ch153, x, x, x, x, x, x, x, x, x, x, x, x
ch155, x, x, x, x, x, x, x, x, x, x, x, x
ch157, x, x, x, x, x, x, x, x, x, x, x, x
ch159, x, x, x, x, x, x, x, x, x, x, x, x
ch161, x, x, x, x, x, x, x, x, x, x, x, x
ch165, x, x, x, x, x, x, x, x, x, x, x, x
</ru242>

<ru484, m0, m1, m2, m3, m4, m5, m6, m7, m8, m9, m10, m11>
ch038, 21, 21, 21, 21, 21, 21, 21, 21, 21, 21, 21, 21
ch042, 16, 16, 16, 16, 16, 16, 16, 16, 16, 16, 16, 16
ch046, 21, 21, 21, 21, 21, 21, 21, 21, 21, 21, 21, 21
ch054, 15, 15, 15, 15, 15, 15, 15, 15, 15, 15, 15, 15
ch058, 10, 10, 10, 10, 10, 10, 10, 10, 10, 10, 10, 10
ch062, 14, 14, 14, 14, 14, 14, 14, 14, 14, 14, 14, 14
ch102, 24, 24, 24, 24, 24, 24, 24, 24, 24, 24, 24, 24
ch106, 18, 18, 18, 18, 18, 18, 18, 18, 18, 18, 18, 18
ch110, 24, 24, 24, 24, 24, 24, 24, 24, 24, 24, 24, 24
ch118, 24, 24, 24, 24, 24, 24, 24, 24, 24, 24, 24, 24
ch122, 20, 20, 20, 20, 20, 20, 20, 20, 20, 20, 20, 20
ch126, 24, 24, 24, 24, 24, 24, 24, 24, 24, 24, 24, 24
ch134, 24, 24, 24, 24, 24, 24, 24, 24, 24, 24, 24, 24
ch138, 20, 20, 20, 20, 20, 20, 20, 20, 20, 20, 20, 20
ch142, 24, 24, 24, 24, 24, 24, 24, 24, 24, 24, 24, 24
ch151, x, x, x, x, x, x, x, x, x, x, x, x
ch155, x, x, x, x, x, x, x, x, x, x, x, x
ch159, x, x, x, x, x, x, x, x, x, x, x, x
</ru484>

<ru996, m0, m1, m2, m3, m4, m5, m6, m7, m8, m9, m10, m11> 
ch042, 21, 21, 21, 21, 21, 21, 21, 21, 21, 21, 21, 21
ch058, 15, 15, 15, 15, 15, 15, 15, 15, 15, 15, 15, 15
ch106, 24, 24, 24, 24, 24, 24, 24, 24, 24, 24, 24, 24
ch122, 24, 24, 24, 24, 24, 24, 24, 24, 24, 24, 24, 24
ch138, 24, 24, 24, 24, 24, 24, 24, 24, 24, 24, 24, 24
ch155, x, x, x, x, x, x, x, x, x, x, x, x
</ru996>

[00]
<cck,  c1, c2, c5, c11>
ch001, 17, 17, 17, 17
ch002, 17, 17, 17, 17
ch003, 18, 18, 18, 18
ch004, 18, 18, 18, 18
ch005, 18, 18, 18, 18
ch006, 18, 18, 18, 18
ch007, 18, 18, 18, 18
ch008, 18, 18, 18, 18
ch009, 18, 18, 18, 18
ch010, 18, 18, 18, 18
ch011, 18, 18, 18, 18
ch012, 18, 18, 18, 18
ch013, 15, 15, 15, 15
ch014, x, x, x, x
</cck>

<ofdm, o6, o9, o12, o18, o24, o36, o48, o54>
ch001, 21, 21, 21, 21, 21, 21, 21, 21
ch002, 21, 21, 21, 21, 21, 21, 21, 21
ch003, 21, 21, 21, 21, 21, 21, 21, 21
ch004, 21, 21, 21, 21, 21, 21, 21, 21
ch005, 21, 21, 21, 21, 21, 21, 21, 21
ch006, 21, 21, 21, 21, 21, 21, 21, 21
ch007, 21, 21, 21, 21, 21, 21, 21, 21
ch008, 21, 21, 21, 21, 21, 21, 21, 21
ch009, 21, 21, 21, 21, 21, 21, 21, 21
ch010, 21, 21, 21, 21, 21, 21, 21, 21
ch011, 21, 21, 21, 21, 21, 21, 21, 21
ch012, 21, 21, 21, 21, 21, 21, 21, 21
ch013, 15, 15, 15, 15, 15, 15, 15, 15
ch014, x, x, x, x, x, x, x, x
ch036, 12, 12, 12, 12, 12, 12, 12, 12
ch038, 12, 12, 12, 12, 12, 12, 12, 12
ch040, 12, 12, 12, 12, 12, 12, 12, 12
ch042, 12, 12, 12, 12, 12, 12, 12, 12
ch044, 12, 12, 12, 12, 12, 12, 12, 12
ch046, 12, 12, 12, 12, 12, 12, 12, 12
ch048, 12, 12, 12, 12, 12, 12, 12, 12
ch052, 12, 12, 12, 12, 12, 12, 12, 12
ch054, 12, 12, 12, 12, 12, 12, 12, 12
ch056, 12, 12, 12, 12, 12, 12, 12, 12
ch058, 12, 12, 12, 12, 12, 12, 12, 12
ch060, 12, 12, 12, 12, 12, 12, 12, 12
ch062, 12, 12, 12, 12, 12, 12, 12, 12
ch064, 12, 12, 12, 12, 12, 12, 12, 12
ch100, 13, 13, 13, 13, 13, 13, 13, 13
ch102, 13, 13, 13, 13, 13, 13, 13, 13
ch104, 13, 13, 13, 13, 13, 13, 13, 13
ch106, 13, 13, 13, 13, 13, 13, 13, 13
ch108, 13, 13, 13, 13, 13, 13, 13, 13
ch110, 13, 13, 13, 13, 13, 13, 13, 13
ch112, 13, 13, 13, 13, 13, 13, 13, 13
ch116, 13, 13, 13, 13, 13, 13, 13, 13
ch118, 13, 13, 13, 13, 13, 13, 13, 13
ch120, 13, 13, 13, 13, 13, 13, 13, 13
ch122, 13, 13, 13, 13, 13, 13, 13, 13
ch124, 13, 13, 13, 13, 13, 13, 13, 13
ch126, 13, 13, 13, 13, 13, 13, 13, 13
ch128, 13, 13, 13, 13, 13, 13, 13, 13
ch132, 13, 13, 13, 13, 13, 13, 13, 13
ch134, 13, 13, 13, 13, 13, 13, 13, 13
ch136, 13, 13, 13, 13, 13, 13, 13, 13
ch138, 13, 13, 13, 13, 13, 13, 13, 13
ch140, 13, 13, 13, 13, 13, 13, 13, 13
ch142, 13, 13, 13, 13, 13, 13, 13, 13
ch144, 13, 13, 13, 13, 13, 13, 13, 13
ch149, 6, 6, 6, 6, 6, 6, 6, 6
ch151, 6, 6, 6, 6, 6, 6, 6, 6
ch153, 6, 6, 6, 6, 6, 6, 6, 6
ch155, 6, 6, 6, 6, 6, 6, 6, 6
ch157, 6, 6, 6, 6, 6, 6, 6, 6
ch159, 6, 6, 6, 6, 6, 6, 6, 6
ch161, 6, 6, 6, 6, 6, 6, 6, 6
ch165, 6, 6, 6, 6, 6, 6, 6, 6
</ofdm>

<ht20, m0, m1, m2, m3, m4, m5, m6, m7>
ch001, 21, 21, 21, 21, 21, 21, 21, 21
ch002, 21, 21, 21, 21, 21, 21, 21, 21
ch003, 21, 21, 21, 21, 21, 21, 21, 21
ch004, 21, 21, 21, 21, 21, 21, 21, 21
ch005, 21, 21, 21, 21, 21, 21, 21, 21
ch006, 21, 21, 21, 21, 21, 21, 21, 21
ch007, 21, 21, 21, 21, 21, 21, 21, 21
ch008, 21, 21, 21, 21, 21, 21, 21, 21
ch009, 21, 21, 21, 21, 21, 21, 21, 21
ch010, 21, 21, 21, 21, 21, 21, 21, 21
ch011, 21, 21, 21, 21, 21, 21, 21, 21
ch012, 20, 20, 20, 20, 20, 20, 20, 20
ch013, 9, 9, 9, 9, 9, 9, 9, 9
ch014, x, x, x, x, x, x, x, x
ch036, 14, 14, 14, 14, 14, 14, 14, 14
ch038, 14, 14, 14, 14, 14, 14, 14, 14
ch040, 14, 14, 14, 14, 14, 14, 14, 14
ch042, 14, 14, 14, 14, 14, 14, 14, 14
ch044, 12, 12, 12, 12, 12, 12, 12, 12
ch046, 12, 12, 12, 12, 12, 12, 12, 12
ch048, 13, 13, 13, 13, 13, 13, 13, 13
ch052, 13, 13, 13, 13, 13, 13, 13, 13
ch054, 13, 13, 13, 13, 13, 13, 13, 13
ch056, 13, 13, 13, 13, 13, 13, 13, 13
ch058, 13, 13, 13, 13, 13, 13, 13, 13
ch060, 13, 13, 13, 13, 13, 13, 13, 13
ch062, 13, 13, 13, 13, 13, 13, 13, 13
ch064, 13, 13, 13, 13, 13, 13, 13, 13
ch100, 13, 13, 13, 13, 13, 13, 13, 13
ch102, 13, 13, 13, 13, 13, 13, 13, 13
ch104, 13, 13, 13, 13, 13, 13, 13, 13
ch106, 13, 13, 13, 13, 13, 13, 13, 13
ch108, 13, 13, 13, 13, 13, 13, 13, 13
ch110, 13, 13, 13, 13, 13, 13, 13, 13
ch112, 13, 13, 13, 13, 13, 13, 13, 13
ch116, 13, 13, 13, 13, 13, 13, 13, 13
ch118, 15, 15, 15, 15, 15, 15, 15, 15
ch120, 15, 15, 15, 15, 15, 15, 15, 15
ch122, 15, 15, 15, 15, 15, 15, 15, 15
ch124, 15, 15, 15, 15, 15, 15, 15, 15
ch126, 15, 15, 15, 15, 15, 15, 15, 15
ch128, 15, 15, 15, 15, 15, 15, 15, 15
ch132, 14, 14, 14, 14, 14, 14, 14, 14
ch134, 14, 14, 14, 14, 14, 14, 14, 14
ch136, 14, 14, 14, 14, 14, 14, 14, 14
ch138, 14, 14, 14, 14, 14, 14, 14, 14
ch140, 14, 14, 14, 14, 14, 14, 14, 14
ch142, 14, 14, 14, 14, 14, 14, 14, 14
ch144, 15, 15, 15, 15, 15, 15, 15, 15
ch149, 6, 6, 6, 6, 6, 6, 6, 6
ch151, 6, 6, 6, 6, 6, 6, 6, 6
ch153, 6, 6, 6, 6, 6, 6, 6, 6
ch155, 6, 6, 6, 6, 6, 6, 6, 6
ch157, 6, 6, 6, 6, 6, 6, 6, 6
ch159, 6, 6, 6, 6, 6, 6, 6, 6
ch161, 6, 6, 6, 6, 6, 6, 6, 6
ch165, 6, 6, 6, 6, 6, 6, 6, 6
</ht20>

<ht40, m0, m1, m2, m3, m4, m5, m6, m7, m32> 
ch038, 17, 17, 17, 17, 17, 17, 17, 17, 17
ch042, 17, 17, 17, 17, 17, 17, 17, 17, 17
ch046, 18, 18, 18, 18, 18, 18, 18, 18, 18
ch054, 13, 13, 13, 13, 13, 13, 13, 13, 13
ch058, 13, 13, 13, 13, 13, 13, 13, 13, 13
ch062, 13, 13, 13, 13, 13, 13, 13, 13, 13
ch102, 16, 16, 16, 16, 16, 16, 16, 16, 16
ch106, 16, 16, 16, 16, 16, 16, 16, 16, 16
ch110, 16, 16, 16, 16, 16, 16, 16, 16, 16
ch118, 18, 18, 18, 18, 18, 18, 18, 18, 18
ch122, 18, 18, 18, 18, 18, 18, 18, 18, 18
ch126, 18, 18, 18, 18, 18, 18, 18, 18, 18
ch134, 16, 16, 16, 16, 16, 16, 16, 16, 16
ch138, 16, 16, 16, 16, 16, 16, 16, 16, 16
ch142, 18, 18, 18, 18, 18, 18, 18, 18, 18
ch151, 6, 6, 6, 6, 6, 6, 6, 6, 6
ch155, 6, 6, 6, 6, 6, 6, 6, 6, 6
ch159, 6, 6, 6, 6, 6, 6, 6, 6, 6
</ht40>

<vht20, m0, m1, m2, m3, m4, m5, m6, m7, m8, m9>
ch036, 14, 14, 14, 14, 14, 14, 14, 14, 14, 14
ch038, 14, 14, 14, 14, 14, 14, 14, 14, 14, 14
ch040, 14, 14, 14, 14, 14, 14, 14, 14, 14, 14
ch042, 14, 14, 14, 14, 14, 14, 14, 14, 14, 14
ch044, 12, 12, 12, 12, 12, 12, 12, 12, 12, 12
ch046, 12, 12, 12, 12, 12, 12, 12, 12, 12, 12
ch048, 13, 13, 13, 13, 13, 13, 13, 13, 13, 13
ch052, 13, 13, 13, 13, 13, 13, 13, 13, 13, 13
ch054, 13, 13, 13, 13, 13, 13, 13, 13, 13, 13
ch056, 13, 13, 13, 13, 13, 13, 13, 13, 13, 13
ch058, 13, 13, 13, 13, 13, 13, 13, 13, 13, 13
ch060, 13, 13, 13, 13, 13, 13, 13, 13, 13, 13
ch062, 13, 13, 13, 13, 13, 13, 13, 13, 13, 13
ch064, 13, 13, 13, 13, 13, 13, 13, 13, 13, 13
ch100, 13, 13, 13, 13, 13, 13, 13, 13, 13, 13
ch102, 13, 13, 13, 13, 13, 13, 13, 13, 13, 13
ch104, 13, 13, 13, 13, 13, 13, 13, 13, 13, 13
ch106, 13, 13, 13, 13, 13, 13, 13, 13, 13, 13
ch108, 13, 13, 13, 13, 13, 13, 13, 13, 13, 13
ch110, 13, 13, 13, 13, 13, 13, 13, 13, 13, 13
ch112, 13, 13, 13, 13, 13, 13, 13, 13, 13, 13
ch116, 13, 13, 13, 13, 13, 13, 13, 13, 13, 13
ch118, 15, 15, 15, 15, 15, 15, 15, 15, 15, 15
ch120, 15, 15, 15, 15, 15, 15, 15, 15, 15, 15
ch122, 15, 15, 15, 15, 15, 15, 15, 15, 15, 15
ch124, 15, 15, 15, 15, 15, 15, 15, 15, 15, 15
ch126, 15, 15, 15, 15, 15, 15, 15, 15, 15, 15
ch128, 15, 15, 15, 15, 15, 15, 15, 15, 15, 15
ch132, 14, 14, 14, 14, 14, 14, 14, 14, 14, 14
ch134, 14, 14, 14, 14, 14, 14, 14, 14, 14, 14
ch136, 14, 14, 14, 14, 14, 14, 14, 14, 14, 14
ch138, 14, 14, 14, 14, 14, 14, 14, 14, 14, 14
ch140, 14, 14, 14, 14, 14, 14, 14, 14, 14, 14
ch142, 14, 14, 14, 14, 14, 14, 14, 14, 14, 14
ch144, 15, 15, 15, 15, 15, 15, 15, 15, 15, 15
ch149, 6, 6, 6, 6, 6, 6, 6, 6, 6, 6
ch151, 6, 6, 6, 6, 6, 6, 6, 6, 6, 6
ch153, 6, 6, 6, 6, 6, 6, 6, 6, 6, 6
ch155, 6, 6, 6, 6, 6, 6, 6, 6, 6, 6
ch157, 6, 6, 6, 6, 6, 6, 6, 6, 6, 6
ch159, 6, 6, 6, 6, 6, 6, 6, 6, 6, 6
ch161, 6, 6, 6, 6, 6, 6, 6, 6, 6, 6
ch165, 6, 6, 6, 6, 6, 6, 6, 6, 6, 6
</vht20>

<vht40, m0, m1, m2, m3, m4, m5, m6, m7, m8, m9>
ch038, 17, 17, 17, 17, 17, 17, 17, 17, 17, 17
ch042, 17, 17, 17, 17, 17, 17, 17, 17, 17, 17
ch046, 18, 18, 18, 18, 18, 18, 18, 18, 18, 18
ch054, 13, 13, 13, 13, 13, 13, 13, 13, 13, 13
ch058, 13, 13, 13, 13, 13, 13, 13, 13, 13, 13
ch062, 13, 13, 13, 13, 13, 13, 13, 13, 13, 13
ch102, 16, 16, 16, 16, 16, 16, 16, 16, 16, 16
ch106, 16, 16, 16, 16, 16, 16, 16, 16, 16, 16
ch110, 16, 16, 16, 16, 16, 16, 16, 16, 16, 16
ch118, 18, 18, 18, 18, 18, 18, 18, 18, 18, 18
ch122, 18, 18, 18, 18, 18, 18, 18, 18, 18, 18
ch126, 18, 18, 18, 18, 18, 18, 18, 18, 18, 18
ch134, 16, 16, 16, 16, 16, 16, 16, 16, 16, 16
ch138, 16, 16, 16, 16, 16, 16, 16, 16, 16, 16
ch142, 18, 18, 18, 18, 18, 18, 18, 18, 18, 18
ch151, 6, 6, 6, 6, 6, 6, 6, 6, 6, 6
ch155, 6, 6, 6, 6, 6, 6, 6, 6, 6, 6
ch159, 6, 6, 6, 6, 6, 6, 6, 6, 6, 6
</vht40>

<vht80, m0, m1, m2, m3, m4, m5, m6, m7, m8, m9> 
ch042, 19, 19, 19, 19, 19, 19, 19, 19, 19, 19
ch058, 14, 14, 14, 14, 14, 14, 14, 14, 14, 14
ch106, 17, 17, 17, 17, 17, 17, 17, 17, 17, 17
ch122, 18, 18, 18, 18, 18, 18, 18, 18, 18, 18
ch138, 18, 18, 18, 18, 18, 18, 18, 18, 18, 18
ch155, 6, 6, 6, 6, 6, 6, 6, 6, 6, 6
</vht80>

<ru26, m0, m1, m2, m3, m4, m5, m6, m7, m8, m9, m10, m11>
ch001, 4, 4, 4, 4, 4, 4, 4, 4, 4, 4, 4, 4
ch002, 4, 4, 4, 4, 4, 4, 4, 4, 4, 4, 4, 4
ch003, 4, 4, 4, 4, 4, 4, 4, 4, 4, 4, 4, 4
ch004, 4, 4, 4, 4, 4, 4, 4, 4, 4, 4, 4, 4
ch005, 4, 4, 4, 4, 4, 4, 4, 4, 4, 4, 4, 4
ch006, 4, 4, 4, 4, 4, 4, 4, 4, 4, 4, 4, 4
ch007, 4, 4, 4, 4, 4, 4, 4, 4, 4, 4, 4, 4
ch008, 4, 4, 4, 4, 4, 4, 4, 4, 4, 4, 4, 4
ch009, 4, 4, 4, 4, 4, 4, 4, 4, 4, 4, 4, 4
ch010, 2, 2, 2, 2, 2, 2, 2, 2, 2, 2, 2, 2
ch011, 2, 2, 2, 2, 2, 2, 2, 2, 2, 2, 2, 2
ch012, 2, 2, 2, 2, 2, 2, 2, 2, 2, 2, 2, 2
ch013, -13, -13, -13, -13, -13, -13, -13, -13, -13, -13, -13, -13
ch014, x, x, x, x, x, x, x, x, x, x, x, x
ch036, -5, -5, -5, -5, -5, -5, -5, -5, -5, -5, -5, -5
ch038, -5, -5, -5, -5, -5, -5, -5, -5, -5, -5, -5, -5
ch040, -5, -5, -5, -5, -5, -5, -5, -5, -5, -5, -5, -5
ch042, -5, -5, -5, -5, -5, -5, -5, -5, -5, -5, -5, -5
ch044, -3, -3, -3, -3, -3, -3, -3, -3, -3, -3, -3, -3
ch046, -3, -3, -3, -3, -3, -3, -3, -3, -3, -3, -3, -3
ch048, -6, -6, -6, -6, -6, -6, -6, -6, -6, -6, -6, -6
ch052, -1, -1, -1, -1, -1, -1, -1, -1, -1, -1, -1, -1
ch054, -1, -1, -1, -1, -1, -1, -1, -1, -1, -1, -1, -1
ch056, 2, 2, 2, 2, 2, 2, 2, 2, 2, 2, 2, 2
ch058, 2, 2, 2, 2, 2, 2, 2, 2, 2, 2, 2, 2
ch060, 2, 2, 2, 2, 2, 2, 2, 2, 2, 2, 2, 2
ch062, 2, 2, 2, 2, 2, 2, 2, 2, 2, 2, 2, 2
ch064, -1, -1, -1, -1, -1, -1, -1, -1, -1, -1, -1, -1
ch100, -1, -1, -1, -1, -1, -1, -1, -1, -1, -1, -1, -1
ch102, -1, -1, -1, -1, -1, -1, -1, -1, -1, -1, -1, -1
ch104, -1, -1, -1, -1, -1, -1, -1, -1, -1, -1, -1, -1
ch106, -1, -1, -1, -1, -1, -1, -1, -1, -1, -1, -1, -1
ch108, -1, -1, -1, -1, -1, -1, -1, -1, -1, -1, -1, -1
ch110, -1, -1, -1, -1, -1, -1, -1, -1, -1, -1, -1, -1
ch112, -1, -1, -1, -1, -1, -1, -1, -1, -1, -1, -1, -1
ch116, -1, -1, -1, -1, -1, -1, -1, -1, -1, -1, -1, -1
ch118, -1, -1, -1, -1, -1, -1, -1, -1, -1, -1, -1, -1
ch120, -1, -1, -1, -1, -1, -1, -1, -1, -1, -1, -1, -1
ch122, -1, -1, -1, -1, -1, -1, -1, -1, -1, -1, -1, -1
ch124, -1, -1, -1, -1, -1, -1, -1, -1, -1, -1, -1, -1
ch126, -1, -1, -1, -1, -1, -1, -1, -1, -1, -1, -1, -1
ch128, -1, -1, -1, -1, -1, -1, -1, -1, -1, -1, -1, -1
ch132, -1, -1, -1, -1, -1, -1, -1, -1, -1, -1, -1, -1
ch134, -1, -1, -1, -1, -1, -1, -1, -1, -1, -1, -1, -1
ch136, -1, -1, -1, -1, -1, -1, -1, -1, -1, -1, -1, -1
ch138, -1, -1, -1, -1, -1, -1, -1, -1, -1, -1, -1, -1
ch140, -1, -1, -1, -1, -1, -1, -1, -1, -1, -1, -1, -1
ch142, -1, -1, -1, -1, -1, -1, -1, -1, -1, -1, -1, -1
ch144, -1, -1, -1, -1, -1, -1, -1, -1, -1, -1, -1, -1
ch149, 4, 4, 4, 4, 4, 4, 4, 4, 4, 4, 4, 4
ch151, 4, 4, 4, 4, 4, 4, 4, 4, 4, 4, 4, 4
ch153, 4, 4, 4, 4, 4, 4, 4, 4, 4, 4, 4, 4
ch155, 4, 4, 4, 4, 4, 4, 4, 4, 4, 4, 4, 4
ch157, 4, 4, 4, 4, 4, 4, 4, 4, 4, 4, 4, 4
ch159, 4, 4, 4, 4, 4, 4, 4, 4, 4, 4, 4, 4
ch161, 3, 3, 3, 3, 3, 3, 3, 3, 3, 3, 3, 3
ch165, 3, 3, 3, 3, 3, 3, 3, 3, 3, 3, 3, 3
</ru26>

<ru52, m0, m1, m2, m3, m4, m5, m6, m7, m8, m9, m10, m11>
ch001, 9, 9, 9, 9, 9, 9, 9, 9, 9, 9, 9, 9
ch002, 9, 9, 9, 9, 9, 9, 9, 9, 9, 9, 9, 9
ch003, 10, 10, 10, 10, 10, 10, 10, 10, 10, 10, 10, 10
ch004, 10, 10, 10, 10, 10, 10, 10, 10, 10, 10, 10, 10
ch005, 10, 10, 10, 10, 10, 10, 10, 10, 10, 10, 10, 10
ch006, 10, 10, 10, 10, 10, 10, 10, 10, 10, 10, 10, 10
ch007, 10, 10, 10, 10, 10, 10, 10, 10, 10, 10, 10, 10
ch008, 10, 10, 10, 10, 10, 10, 10, 10, 10, 10, 10, 10
ch009, 10, 10, 10, 10, 10, 10, 10, 10, 10, 10, 10, 10
ch010, 8, 8, 8, 8, 8, 8, 8, 8, 8, 8, 8, 8
ch011, 8, 8, 8, 8, 8, 8, 8, 8, 8, 8, 8, 8
ch012, 8, 8, 8, 8, 8, 8, 8, 8, 8, 8, 8, 8
ch013, -15, -15, -15, -15, -15, -15, -15, -15, -15, -15, -15, -15
ch014, x, x, x, x, x, x, x, x, x, x, x, x
ch036, 2, 2, 2, 2, 2, 2, 2, 2, 2, 2, 2, 2
ch038, 2, 2, 2, 2, 2, 2, 2, 2, 2, 2, 2, 2
ch040, 2, 2, 2, 2, 2, 2, 2, 2, 2, 2, 2, 2
ch042, 2, 2, 2, 2, 2, 2, 2, 2, 2, 2, 2, 2
ch044, 1, 1, 1, 1, 1, 1, 1, 1, 1, 1, 1, 1
ch046, 1, 1, 1, 1, 1, 1, 1, 1, 1, 1, 1, 1
ch048, 1, 1, 1, 1, 1, 1, 1, 1, 1, 1, 1, 1
ch052, 4, 4, 4, 4, 4, 4, 4, 4, 4, 4, 4, 4
ch054, 4, 4, 4, 4, 4, 4, 4, 4, 4, 4, 4, 4
ch056, 5, 5, 5, 5, 5, 5, 5, 5, 5, 5, 5, 5
ch058, 5, 5, 5, 5, 5, 5, 5, 5, 5, 5, 5, 5
ch060, 4, 4, 4, 4, 4, 4, 4, 4, 4, 4, 4, 4
ch062, 4, 4, 4, 4, 4, 4, 4, 4, 4, 4, 4, 4
ch064, 4, 4, 4, 4, 4, 4, 4, 4, 4, 4, 4, 4
ch100, 4, 4, 4, 4, 4, 4, 4, 4, 4, 4, 4, 4
ch102, 4, 4, 4, 4, 4, 4, 4, 4, 4, 4, 4, 4
ch104, 4, 4, 4, 4, 4, 4, 4, 4, 4, 4, 4, 4
ch106, 4, 4, 4, 4, 4, 4, 4, 4, 4, 4, 4, 4
ch108, 4, 4, 4, 4, 4, 4, 4, 4, 4, 4, 4, 4
ch110, 4, 4, 4, 4, 4, 4, 4, 4, 4, 4, 4, 4
ch112, 4, 4, 4, 4, 4, 4, 4, 4, 4, 4, 4, 4
ch116, 4, 4, 4, 4, 4, 4, 4, 4, 4, 4, 4, 4
ch118, 4, 4, 4, 4, 4, 4, 4, 4, 4, 4, 4, 4
ch120, 4, 4, 4, 4, 4, 4, 4, 4, 4, 4, 4, 4
ch122, 4, 4, 4, 4, 4, 4, 4, 4, 4, 4, 4, 4
ch124, 4, 4, 4, 4, 4, 4, 4, 4, 4, 4, 4, 4
ch126, 4, 4, 4, 4, 4, 4, 4, 4, 4, 4, 4, 4
ch128, 4, 4, 4, 4, 4, 4, 4, 4, 4, 4, 4, 4
ch132, 4, 4, 4, 4, 4, 4, 4, 4, 4, 4, 4, 4
ch134, 4, 4, 4, 4, 4, 4, 4, 4, 4, 4, 4, 4
ch136, 4, 4, 4, 4, 4, 4, 4, 4, 4, 4, 4, 4
ch138, 4, 4, 4, 4, 4, 4, 4, 4, 4, 4, 4, 4
ch140, 4, 4, 4, 4, 4, 4, 4, 4, 4, 4, 4, 4
ch142, 4, 4, 4, 4, 4, 4, 4, 4, 4, 4, 4, 4
ch144, 4, 4, 4, 4, 4, 4, 4, 4, 4, 4, 4, 4
ch149, 6, 6, 6, 6, 6, 6, 6, 6, 6, 6, 6, 6
ch151, 6, 6, 6, 6, 6, 6, 6, 6, 6, 6, 6, 6
ch153, 6, 6, 6, 6, 6, 6, 6, 6, 6, 6, 6, 6
ch155, 6, 6, 6, 6, 6, 6, 6, 6, 6, 6, 6, 6
ch157, 6, 6, 6, 6, 6, 6, 6, 6, 6, 6, 6, 6
ch159, 6, 6, 6, 6, 6, 6, 6, 6, 6, 6, 6, 6
ch161, 6, 6, 6, 6, 6, 6, 6, 6, 6, 6, 6, 6
ch165, 6, 6, 6, 6, 6, 6, 6, 6, 6, 6, 6, 6
</ru52>

<ru106, m0, m1, m2, m3, m4, m5, m6, m7, m8, m9, m10, m11>
ch001, 15, 15, 15, 15, 15, 15, 15, 15, 15, 15, 15, 15
ch002, 15, 15, 15, 15, 15, 15, 15, 15, 15, 15, 15, 15
ch003, 16, 16, 16, 16, 16, 16, 16, 16, 16, 16, 16, 16
ch004, 16, 16, 16, 16, 16, 16, 16, 16, 16, 16, 16, 16
ch005, 16, 16, 16, 16, 16, 16, 16, 16, 16, 16, 16, 16
ch006, 16, 16, 16, 16, 16, 16, 16, 16, 16, 16, 16, 16
ch007, 16, 16, 16, 16, 16, 16, 16, 16, 16, 16, 16, 16
ch008, 16, 16, 16, 16, 16, 16, 16, 16, 16, 16, 16, 16
ch009, 16, 16, 16, 16, 16, 16, 16, 16, 16, 16, 16, 16
ch010, 13, 13, 13, 13, 13, 13, 13, 13, 13, 13, 13, 13
ch011, 13, 13, 13, 13, 13, 13, 13, 13, 13, 13, 13, 13
ch012, 13, 13, 13, 13, 13, 13, 13, 13, 13, 13, 13, 13
ch013, -11, -11, -11, -11, -11, -11, -11, -11, -11, -11, -11, -11
ch014, x, x, x, x, x, x, x, x, x, x, x, x
ch036, 8, 8, 8, 8, 8, 8, 8, 8, 8, 8, 8, 8
ch038, 8, 8, 8, 8, 8, 8, 8, 8, 8, 8, 8, 8
ch040, 8, 8, 8, 8, 8, 8, 8, 8, 8, 8, 8, 8
ch042, 8, 8, 8, 8, 8, 8, 8, 8, 8, 8, 8, 8
ch044, 7, 7, 7, 7, 7, 7, 7, 7, 7, 7, 7, 7
ch046, 7, 7, 7, 7, 7, 7, 7, 7, 7, 7, 7, 7
ch048, 7, 7, 7, 7, 7, 7, 7, 7, 7, 7, 7, 7
ch052, 9, 9, 9, 9, 9, 9, 9, 9, 9, 9, 9, 9
ch054, 9, 9, 9, 9, 9, 9, 9, 9, 9, 9, 9, 9
ch056, 11, 11, 11, 11, 11, 11, 11, 11, 11, 11, 11, 11
ch058, 11, 11, 11, 11, 11, 11, 11, 11, 11, 11, 11, 11
ch060, 10, 10, 10, 10, 10, 10, 10, 10, 10, 10, 10, 10
ch062, 10, 10, 10, 10, 10, 10, 10, 10, 10, 10, 10, 10
ch064, 9, 9, 9, 9, 9, 9, 9, 9, 9, 9, 9, 9
ch100, 8, 8, 8, 8, 8, 8, 8, 8, 8, 8, 8, 8
ch102, 8, 8, 8, 8, 8, 8, 8, 8, 8, 8, 8, 8
ch104, 8, 8, 8, 8, 8, 8, 8, 8, 8, 8, 8, 8
ch106, 8, 8, 8, 8, 8, 8, 8, 8, 8, 8, 8, 8
ch108, 8, 8, 8, 8, 8, 8, 8, 8, 8, 8, 8, 8
ch110, 8, 8, 8, 8, 8, 8, 8, 8, 8, 8, 8, 8
ch112, 8, 8, 8, 8, 8, 8, 8, 8, 8, 8, 8, 8
ch116, 8, 8, 8, 8, 8, 8, 8, 8, 8, 8, 8, 8
ch118, 8, 8, 8, 8, 8, 8, 8, 8, 8, 8, 8, 8
ch120, 8, 8, 8, 8, 8, 8, 8, 8, 8, 8, 8, 8
ch122, 8, 8, 8, 8, 8, 8, 8, 8, 8, 8, 8, 8
ch124, 8, 8, 8, 8, 8, 8, 8, 8, 8, 8, 8, 8
ch126, 8, 8, 8, 8, 8, 8, 8, 8, 8, 8, 8, 8
ch128, 8, 8, 8, 8, 8, 8, 8, 8, 8, 8, 8, 8
ch132, 9, 9, 9, 9, 9, 9, 9, 9, 9, 9, 9, 9
ch134, 9, 9, 9, 9, 9, 9, 9, 9, 9, 9, 9, 9
ch136, 9, 9, 9, 9, 9, 9, 9, 9, 9, 9, 9, 9
ch138, 9, 9, 9, 9, 9, 9, 9, 9, 9, 9, 9, 9
ch140, 9, 9, 9, 9, 9, 9, 9, 9, 9, 9, 9, 9
ch142, 9, 9, 9, 9, 9, 9, 9, 9, 9, 9, 9, 9
ch144, 9, 9, 9, 9, 9, 9, 9, 9, 9, 9, 9, 9
ch149, 6, 6, 6, 6, 6, 6, 6, 6, 6, 6, 6, 6
ch151, 6, 6, 6, 6, 6, 6, 6, 6, 6, 6, 6, 6
ch153, 6, 6, 6, 6, 6, 6, 6, 6, 6, 6, 6, 6
ch155, 6, 6, 6, 6, 6, 6, 6, 6, 6, 6, 6, 6
ch157, 6, 6, 6, 6, 6, 6, 6, 6, 6, 6, 6, 6
ch159, 6, 6, 6, 6, 6, 6, 6, 6, 6, 6, 6, 6
ch161, 6, 6, 6, 6, 6, 6, 6, 6, 6, 6, 6, 6
ch165, 6, 6, 6, 6, 6, 6, 6, 6, 6, 6, 6, 6
</ru106>

<ru242, m0, m1, m2, m3, m4, m5, m6, m7, m8, m9, m10, m11>
ch001, 21, 21, 21, 21, 21, 21, 21, 21, 21, 21, 21, 21
ch002, 21, 21, 21, 21, 21, 21, 21, 21, 21, 21, 21, 21
ch003, 21, 21, 21, 21, 21, 21, 21, 21, 21, 21, 21, 21
ch004, 21, 21, 21, 21, 21, 21, 21, 21, 21, 21, 21, 21
ch005, 21, 21, 21, 21, 21, 21, 21, 21, 21, 21, 21, 21
ch006, 21, 21, 21, 21, 21, 21, 21, 21, 21, 21, 21, 21
ch007, 21, 21, 21, 21, 21, 21, 21, 21, 21, 21, 21, 21
ch008, 21, 21, 21, 21, 21, 21, 21, 21, 21, 21, 21, 21
ch009, 21, 21, 21, 21, 21, 21, 21, 21, 21, 21, 21, 21
ch010, 21, 21, 21, 21, 21, 21, 21, 21, 21, 21, 21, 21
ch011, 21, 21, 21, 21, 21, 21, 21, 21, 21, 21, 21, 21
ch012, 20, 20, 20, 20, 20, 20, 20, 20, 20, 20, 20, 20
ch013, 12, 12, 12, 12, 12, 12, 12, 12, 12, 12, 12, 12
ch014, x, x, x, x, x, x, x, x, x, x, x, x
ch036, 13, 13, 13, 13, 13, 13, 13, 13, 13, 13, 13, 13
ch038, 13, 13, 13, 13, 13, 13, 13, 13, 13, 13, 13, 13
ch040, 13, 13, 13, 13, 13, 13, 13, 13, 13, 13, 13, 13
ch042, 13, 13, 13, 13, 13, 13, 13, 13, 13, 13, 13, 13
ch044, 11, 11, 11, 11, 11, 11, 11, 11, 11, 11, 11, 11
ch046, 14, 14, 14, 14, 14, 14, 14, 14, 14, 14, 14, 14
ch048, 12, 12, 12, 12, 12, 12, 12, 12, 12, 12, 12, 12
ch052, 13, 13, 13, 13, 13, 13, 13, 13, 13, 13, 13, 13
ch054, 7, 7, 7, 7, 7, 7, 7, 7, 7, 7, 7, 7
ch056, 13, 13, 13, 13, 13, 13, 13, 13, 13, 13, 13, 13
ch058, 7, 7, 7, 7, 7, 7, 7, 7, 7, 7, 7, 7
ch060, 13, 13, 13, 13, 13, 13, 13, 13, 13, 13, 13, 13
ch062, 6, 6, 6, 6, 6, 6, 6, 6, 6, 6, 6, 6
ch064, 13, 13, 13, 13, 13, 13, 13, 13, 13, 13, 13, 13
ch100, 13, 13, 13, 13, 13, 13, 13, 13, 13, 13, 13, 13
ch102, 14, 14, 14, 14, 14, 14, 14, 14, 14, 14, 14, 14
ch104, 13, 13, 13, 13, 13, 13, 13, 13, 13, 13, 13, 13
ch106, 14, 14, 14, 14, 14, 14, 14, 14, 14, 14, 14, 14
ch108, 13, 13, 13, 13, 13, 13, 13, 13, 13, 13, 13, 13
ch110, 14, 14, 14, 14, 14, 14, 14, 14, 14, 14, 14, 14
ch112, 13, 13, 13, 13, 13, 13, 13, 13, 13, 13, 13, 13
ch116, 13, 13, 13, 13, 13, 13, 13, 13, 13, 13, 13, 13
ch118, 14, 14, 14, 14, 14, 14, 14, 14, 14, 14, 14, 14
ch120, 14, 14, 14, 14, 14, 14, 14, 14, 14, 14, 14, 14
ch122, 14, 14, 14, 14, 14, 14, 14, 14, 14, 14, 14, 14
ch124, 14, 14, 14, 14, 14, 14, 14, 14, 14, 14, 14, 14
ch126, 14, 14, 14, 14, 14, 14, 14, 14, 14, 14, 14, 14
ch128, 14, 14, 14, 14, 14, 14, 14, 14, 14, 14, 14, 14
ch132, 14, 14, 14, 14, 14, 14, 14, 14, 14, 14, 14, 14
ch134, 14, 14, 14, 14, 14, 14, 14, 14, 14, 14, 14, 14
ch136, 14, 14, 14, 14, 14, 14, 14, 14, 14, 14, 14, 14
ch138, 14, 14, 14, 14, 14, 14, 14, 14, 14, 14, 14, 14
ch140, 14, 14, 14, 14, 14, 14, 14, 14, 14, 14, 14, 14
ch142, 14, 14, 14, 14, 14, 14, 14, 14, 14, 14, 14, 14
ch144, 14, 14, 14, 14, 14, 14, 14, 14, 14, 14, 14, 14
ch149, 6, 6, 6, 6, 6, 6, 6, 6, 6, 6, 6, 6
ch151, 6, 6, 6, 6, 6, 6, 6, 6, 6, 6, 6, 6
ch153, 6, 6, 6, 6, 6, 6, 6, 6, 6, 6, 6, 6
ch155, 6, 6, 6, 6, 6, 6, 6, 6, 6, 6, 6, 6
ch157, 6, 6, 6, 6, 6, 6, 6, 6, 6, 6, 6, 6
ch159, 6, 6, 6, 6, 6, 6, 6, 6, 6, 6, 6, 6
ch161, 6, 6, 6, 6, 6, 6, 6, 6, 6, 6, 6, 6
ch165, 6, 6, 6, 6, 6, 6, 6, 6, 6, 6, 6, 6
</ru242>

<ru484, m0, m1, m2, m3, m4, m5, m6, m7, m8, m9, m10, m11>
ch038, 16, 16, 16, 16, 16, 16, 16, 16, 16, 16, 16, 16
ch042, 16, 16, 16, 16, 16, 16, 16, 16, 16, 16, 16, 16
ch046, 17, 17, 17, 17, 17, 17, 17, 17, 17, 17, 17, 17
ch054, 15, 15, 15, 15, 15, 15, 15, 15, 15, 15, 15, 15
ch058, 10, 10, 10, 10, 10, 10, 10, 10, 10, 10, 10, 10
ch062, 14, 14, 14, 14, 14, 14, 14, 14, 14, 14, 14, 14
ch102, 16, 16, 16, 16, 16, 16, 16, 16, 16, 16, 16, 16
ch106, 14, 14, 14, 14, 14, 14, 14, 14, 14, 14, 14, 14
ch110, 16, 16, 16, 16, 16, 16, 16, 16, 16, 16, 16, 16
ch118, 17, 17, 17, 17, 17, 17, 17, 17, 17, 17, 17, 17
ch122, 15, 15, 15, 15, 15, 15, 15, 15, 15, 15, 15, 15
ch126, 17, 17, 17, 17, 17, 17, 17, 17, 17, 17, 17, 17
ch134, 16, 16, 16, 16, 16, 16, 16, 16, 16, 16, 16, 16
ch138, 15, 15, 15, 15, 15, 15, 15, 15, 15, 15, 15, 15
ch142, 17, 17, 17, 17, 17, 17, 17, 17, 17, 17, 17, 17
ch151, 6, 6, 6, 6, 6, 6, 6, 6, 6, 6, 6, 6
ch155, 6, 6, 6, 6, 6, 6, 6, 6, 6, 6, 6, 6
ch159, 6, 6, 6, 6, 6, 6, 6, 6, 6, 6, 6, 6
</ru484>

<ru996, m0, m1, m2, m3, m4, m5, m6, m7, m8, m9, m10, m11>
ch042, 19, 19, 19, 19, 19, 19, 19, 19, 19, 19, 19, 19
ch058, 15, 15, 15, 15, 15, 15, 15, 15, 15, 15, 15, 15
ch106, 17, 17, 17, 17, 17, 17, 17, 17, 17, 17, 17, 17
ch122, 18, 18, 18, 18, 18, 18, 18, 18, 18, 18, 18, 18
ch138, 18, 18, 18, 18, 18, 18, 18, 18, 18, 18, 18, 18
ch155, 6, 6, 6, 6, 6, 6, 6, 6, 6, 6, 6, 6
</ru996>
